id,conversation_id,message,context,intent,label_source,categories,difficulty,expected_escalation,escalation_reason,required_evidence,labeler_notes,historical_resolution_sample
golden_001,AmazonHelp_1004593,"It REALLY annoys me that each and every time I order something from Amazon prime and USPS is the carrier, they NEVER deliver my items on time!",,cancellation_or_refund_request,manual_primary_labeler_review,"common,noisy",medium,True,High-risk intent (cancellation_or_refund_request),"Customer explicitly wants to cancel an order, or is requesting or following up on a refund (including refund amount/timeline disputes). Financial-action intent.",[corrected to 'cancellation_or_refund_request' during manual primary-labeler review],@357780 I'm very sorry for this inconvenience. We'd like to look into this with you. Please reach out to us with more details here: https://t.co/hApLpMlfHN ^RB
golden_002,AmazonHelp_2467929,"the one day I have a day off work and I ""missed"" my package from Amazon 😭",,return_or_replacement_request,classifier_fallback,common,easy,False,,"Customer received a wrong, damaged, defective, or counterfeit product and wants a return, replacement, or exchange (as opposed to simply wanting money back, though these can overlap).",[label confirmed during manual primary-labeler review; row reconstructed 2026-09-14 after accidental build overwrite -- see scripts/restore_golden_csv_from_review.py],@706115 Who is the carrier on the order? ^JF
golden_003,AmazonHelp_2971860,Can someone explain to me why I paid for 1 day shipping for something off @115821 and fed ex delayed the package till tomorrow.... bruhhhh,,delivery_delay,keyword_rule(2_hits),common,easy,False,,"Order or package has not arrived by the promised, guaranteed, or expected delivery date. Customer is reporting lateness, not a fully missing/lost package.",[corrected to 'delivery_delay' during manual primary-labeler review],@819691 Oh no! Did you receive an email regarding the delay? ^BA
golden_004,AmazonHelp_98699,So...from what I gather... if we use @115821 prime's next day service in Toronto and they don't have any drivers available they just cancel your order. They make no attempt to deliver? Seriously?!?! What is happening to this company!,,delivery_delay,classifier_fallback,"common,ambiguous,noisy",hard,True,Ambiguous intent (classifier margin < 0.15),"Order or package has not arrived by the promised, guaranteed, or expected delivery date. Customer is reporting lateness, not a fully missing/lost package.",[label confirmed during manual primary-labeler review; row reconstructed 2026-09-14 after accidental build overwrite -- see scripts/restore_golden_csv_from_review.py],"@137602 I'd like a specialist to look into this with you, Gigi. When you have a moment, drop your details here: https://t.co/dX84huFCDX. We'll follow up shortly after. ^BL"
golden_005,AmazonHelp_2962802,Furious with @115830 #prime.  Debiting my account for a service I didn’t sign up for them saying I would be refunded and then debiting it again! #pathetic @AmazonHelp @115821,,delivery_delay,classifier_fallback,"common,multi_intent",hard,False,,"Order or package has not arrived by the promised, guaranteed, or expected delivery date. Customer is reporting lateness, not a fully missing/lost package.",[label confirmed during manual primary-labeler review; row reconstructed 2026-09-14 after accidental build overwrite -- see scripts/restore_golden_csv_from_review.py],@817546 I'm so sorry for the unexpected charge. We don't have access to account information over Twitter. We'd still like to help. Have you tried reaching us regarding the charge here: https://t.co/Jz
golden_006,AmazonHelp_554643,@115821 Don’t know why I bother to pay prime really... not the first time this has happened! @AmazonHelp,,delivery_delay,classifier_fallback,common,easy,False,,"Order or package has not arrived by the promised, guaranteed, or expected delivery date. Customer is reporting lateness, not a fully missing/lost package.",[label confirmed during manual primary-labeler review; row reconstructed 2026-09-14 after accidental build overwrite -- see scripts/restore_golden_csv_from_review.py],@249446 Thanks for the information. Please send us your details here so we may look into this: https://t.co/HAaSE2xxEv ^GG
golden_007,AmazonHelp_532692,"@AmazonHelp hello,I have received my order but as you can see it is already opened and the cd ""who built the moon"" is missing, customer service have reordered it for me,either it's been opened deliberately or the seal has failed and the cd has fallen out https://t.co/uHlTenrTTk",,delivery_not_received,classifier_fallback,"common,ood",hard,True,Out-of-distribution / low retrieval confidence,"Tracking/carrier shows the package as delivered (or a delivery attempt was made), but the customer says they did not actually receive it -- distinct from delivery_delay because there is no further ""in transit"" status to check; this typically requires an investigation/claim rather than just waiting.",[label confirmed during manual primary-labeler review; row reconstructed 2026-09-14 after accidental build overwrite -- see scripts/restore_golden_csv_from_review.py],"@222558 Hi, thanks for confirming a replacement is being arranged for you. Please let us know if you've any issues with your replacement order. ^TS"
golden_008,AmazonHelp_2877713,I never actually receive my “same day” orders from amazon on the same day. Maybe they’ll show up tomorrow? They say delivered. Who knows. It’s always a mystery. @AmazonHelp,,customer_service_complaint,manual_primary_labeler_review,common,easy,True,High-risk intent (customer_service_complaint),"General dissatisfaction or venting about support quality itself (""worst customer service"", ""pathetic"") without a distinct, actionable request beyond ""fix this."" High escalation risk because there is often no single retrievable resolution -- the underlying issue is usually one of the other intents, expressed as a complaint about *how* it was (mis)handled.",[corrected to 'customer_service_complaint' during manual primary-labeler review],@226061 Sorry to hear about this. Can you contact us here:  https://t.co/hApLpMlfHN so we can take a look for you? ^MI
golden_009,AmazonHelp_1777697,@115850 seems they have got a huge population of prime members in india and now they don't want more customers in india https://t.co/Cngg7ux6Kr,,delivery_delay,classifier_fallback,common,easy,False,,"Order or package has not arrived by the promised, guaranteed, or expected delivery date. Customer is reporting lateness, not a fully missing/lost package.",[label confirmed during manual primary-labeler review; row reconstructed 2026-09-14 after accidental build overwrite -- see scripts/restore_golden_csv_from_review.py],"@534144 If you've shared your details, you should have received an email correspondence from Social Media Team here : https://t.co/Gggzh6WbZE. Request you to please check. ^AS"
golden_010,AmazonHelp_1224086,"@AmazonHelp what’s happened here, it’s nowhere near 8pm? I’ve been in all day waiting so there’s been no attempt to deliver it to me! https://t.co/2wUXKbpbVm",,return_or_replacement_request,classifier_fallback,common,easy,False,,"Customer received a wrong, damaged, defective, or counterfeit product and wants a return, replacement, or exchange (as opposed to simply wanting money back, though these can overlap).",[label confirmed during manual primary-labeler review; row reconstructed 2026-09-14 after accidental build overwrite -- see scripts/restore_golden_csv_from_review.py],@139217 Oh no!  Has the parcel missed the delivery date provided in your order confirmation e-mail? We're here to help in any way we can! ^AZ
golden_011,AmazonHelp_718323,@115821 Your customer service is great! Your delivery service not so much! https://t.co/g5LniQHDV5,,delivery_not_received,classifier_fallback,common,easy,False,,"Tracking/carrier shows the package as delivered (or a delivery attempt was made), but the customer says they did not actually receive it -- distinct from delivery_delay because there is no further ""in transit"" status to check; this typically requires an investigation/claim rather than just waiting.",[label confirmed during manual primary-labeler review; row reconstructed 2026-09-14 after accidental build overwrite -- see scripts/restore_golden_csv_from_review.py],@219034 Let us know if you need any further help.^ES
golden_012,AmazonHelp_2816294,@AmazonHelp ordered a JBL CHARGE3 on Black Friday. Unplugged it the first time it does this help!  @164902 maybe you can help too?  I don’t want a return just a new cord. https://t.co/UbEAakQCcI,,general_other,manual_primary_labeler_review,common,easy,True,High-risk intent (general_other),"Does not clearly fit another category -- includes promotional/ off-topic mentions, ambiguous one-line messages, multi-topic messages, and messages that need more context than the root message alone provides. This is the deliberate ""I'm not sure"" bucket rather than forcing a low-confidence fit into another intent; it should route toward escalation/abstention, not toward a guessed intent.",[corrected to 'general_other' during manual primary-labeler review],"@547100 If the cable is shipped from and sold by Amazon, a replacement may be an option. If you'd prefer, you're welcome to contact us by phone, chat or e-mail to explore options here: https://t.co/hA"
golden_013,AmazonHelp_574033,Please help me with your customer service @115850 @AmazonHelp,,delivery_not_received,classifier_fallback,common,easy,False,,"Tracking/carrier shows the package as delivered (or a delivery attempt was made), but the customer says they did not actually receive it -- distinct from delivery_delay because there is no further ""in transit"" status to check; this typically requires an investigation/claim rather than just waiting.",[label confirmed during manual primary-labeler review; row reconstructed 2026-09-14 after accidental build overwrite -- see scripts/restore_golden_csv_from_review.py],@254980 I'm sorry for the delay of your order. We'd like to look into it. Please share your details here: https://t.co/beaaDm0muc we'll reach out to you soon. ^AP
golden_014,AmazonHelp_572401,@AmazonHelp You people have been taking hard earned money of the sellers like us who are selling on Amazon india,,cancellation_or_refund_request,classifier_fallback,common,easy,True,High-risk intent (cancellation_or_refund_request),"Customer explicitly wants to cancel an order, or is requesting or following up on a refund (including refund amount/timeline disputes). Financial-action intent.",[label confirmed during manual primary-labeler review; row reconstructed 2026-09-14 after accidental build overwrite -- see scripts/restore_golden_csv_from_review.py],@254493 We have sent you a correspondence here: https://t.co/fYrzNInVt2. Kindly reply to the latest correspondence from our team for further assistance on this. Thank you for your understanding. ^GD
golden_015,AmazonHelp_288627,"@115850 @AmazonHelp I'm a prime member and placed order for prime fulfilled product on 21st Nov. Forget quick delivery, it is not yet dispatched. ORDER # 404-1465394-9701149. https://t.co/BjArOZaiiC",,delivery_delay,classifier_fallback,"common,multi_intent",hard,False,,"Order or package has not arrived by the promised, guaranteed, or expected delivery date. Customer is reporting lateness, not a fully missing/lost package.",[label confirmed during manual primary-labeler review; row reconstructed 2026-09-14 after accidental build overwrite -- see scripts/restore_golden_csv_from_review.py],"@184770 For items that are not available for one-day or two-day delivery, prime customers will receive free standard delivery. You can check this link https://t.co/l7BK7W9fgx for more info. ^VM"
golden_016,AmazonHelp_465852,"It is 8:26pm on delivery day and no sign that @115817 are going to make this delivery on time. Hey @115821, please, please stop using UPS for next day service. They never manage it. Every package is late. No exceptions. (Last one they lost completely.) https://t.co/mvjXaG86qF",,return_or_replacement_request,classifier_fallback,common,easy,False,,"Customer received a wrong, damaged, defective, or counterfeit product and wants a return, replacement, or exchange (as opposed to simply wanting money back, though these can overlap).",[label confirmed during manual primary-labeler review; row reconstructed 2026-09-14 after accidental build overwrite -- see scripts/restore_golden_csv_from_review.py],@222099 Thanks for the update. Please contact us here so we may explore your options as well as forward your carrier feedback: https://t.co/dNXwBZPiM6 ^GG
golden_017,AmazonHelp_461192,@AmazonHelp 800 Kindergarten to Grade 5 students are waiting for a special delivery via PRIME &amp; it’s not going to make it?? 😥#disappointed,,return_or_replacement_request,classifier_fallback,common,easy,False,,"Customer received a wrong, damaged, defective, or counterfeit product and wants a return, replacement, or exchange (as opposed to simply wanting money back, though these can overlap).",[label confirmed during manual primary-labeler review; row reconstructed 2026-09-14 after accidental build overwrite -- see scripts/restore_golden_csv_from_review.py],"@224585 On the mobile app, it will be further down the page under the order tracking. If you're not seeing anything, please reach out to us by phone or chat so we can investigate: https://t.co/bM4tKtB"
golden_018,AmazonHelp_2841745,"What is the use of having prime membership when the order placed 5 days ago from a prime seller is not delivered by given timeline... @115850 #PrimeNotUseful
Didn't expect this from #Amazon",,prime_membership_issue,keyword_rule(2_hits),common,easy,False,,"Question or complaint specifically about Prime membership itself -- signup, billing, benefits, or Prime's delivery-speed promise as a membership-value issue (distinct from a one-off delivery_delay).",[label confirmed during manual primary-labeler review; row reconstructed 2026-09-14 after accidental build overwrite -- see scripts/restore_golden_csv_from_review.py],@249067 I get your disappointment. Suggest you to reach out to us via the above link. We'll check this for you. ^SG
golden_019,AmazonHelp_479387,"So disappointed in @115821 customer service, spoke to 5 different reps who all were rude and didn't have a reason about why my package has been late for a week. @AmazonHelp please help!",,customer_service_complaint,manual_primary_labeler_review,"common,ambiguous,multi_intent",hard,True,High-risk intent (customer_service_complaint),"General dissatisfaction or venting about support quality itself (""worst customer service"", ""pathetic"") without a distinct, actionable request beyond ""fix this."" High escalation risk because there is often no single retrievable resolution -- the underlying issue is usually one of the other intents, expressed as a complaint about *how* it was (mis)handled.",[corrected to 'customer_service_complaint' during manual primary-labeler review],@228929 We would like to help you. Please share your details with us here: https://t.co/GIJyeYqKE0. We'll get in touch shortly. ^CB
golden_020,AmazonHelp_2870659,@AmazonHelp Why offer same day delivery if it never happens? If I would have selected tomorrow would I️ still not receive my pkg for 4 days as you’re now “promising”? https://t.co/t2T6hoGHA4,,delivery_delay,manual_primary_labeler_review,common,easy,False,,"Order or package has not arrived by the promised, guaranteed, or expected delivery date. Customer is reporting lateness, not a fully missing/lost package.",[corrected to 'delivery_delay' during manual primary-labeler review],@136690 I'm so sorry for the delay! Can you provide us with the latest tracking information found here: https://t.co/Y5jpI9gRhE ^LS
golden_021,AmazonHelp_555292,"I pay $100+/year for @115821 Prime and in 5+ years I’ve never had any issues. Until yesterday, when a Prime package was “Guaranteed” to arrive by the 1st and now it’s not until the 3rd?? Wtf do I pay for?! Guarantee means nothing to @AmazonHelp",,content_availability_inquiry,manual_primary_labeler_review,"common,noisy",medium,False,,"Question about whether specific content (a show, movie, season, or book) is available, in what region, or when it will be released -- a Prime Video / Kindle catalog question, not a technical bug report.",[corrected to 'content_availability_inquiry' during manual primary-labeler review],@249648 Thank you for that. Can you please tell us who the carrier is? You can see that info here: https://t.co/6ZVwC1n9en  ^BA
golden_022,AmazonHelp_2884067,".@AmazonHelp please provide a smooth delivery of my product
Your boys delivered goods at this address prior,but now my address is not locating.Check your distribution/delivery depmnt many companies sank due to this.Solve my issue ASAP https://t.co/lI78E0Nf6i",,order_status_inquiry,manual_primary_labeler_review,"common,high_risk",easy,False,,"General question about the current status of an order (tracking, order ID lookup) without an explicit complaint framing -- the customer wants information, not necessarily compensation.",[corrected to 'order_status_inquiry' during manual primary-labeler review],"@130948 I'm sorry about the disappointment with the delivery of you order. Please reach out to us here: https://t.co/vlvfJr4nN9 we'd like to help. Also, please don’t provide your order details as we c"
golden_023,AmazonHelp_1822309,@115850 very poor service and cheating done by amazon.,,delivery_not_received,classifier_fallback,common,easy,False,,"Tracking/carrier shows the package as delivered (or a delivery attempt was made), but the customer says they did not actually receive it -- distinct from delivery_delay because there is no further ""in transit"" status to check; this typically requires an investigation/claim rather than just waiting.",[label confirmed during manual primary-labeler review; row reconstructed 2026-09-14 after accidental build overwrite -- see scripts/restore_golden_csv_from_review.py],"@547065 I'm sorry you feel that way. If you have faxed your details requested by our team, I'm sure they will reach out to you. I'm sorry we won't be able to assist you any further insights as your ac"
golden_024,AmazonHelp_2907803,@115830 how do i download the wwe app on an amazon fire tablet?!,,delivery_not_received,manual_primary_labeler_review,common,easy,False,,"Tracking/carrier shows the package as delivered (or a delivery attempt was made), but the customer says they did not actually receive it -- distinct from delivery_delay because there is no further ""in transit"" status to check; this typically requires an investigation/claim rather than just waiting.",[corrected to 'delivery_not_received' during manual primary-labeler review],@805129 We'd like to help! I hope this is what you're looking for: https://t.co/ljaDRoT1T0 Please let us know if we can further assist! ^AB
golden_025,AmazonHelp_481693,".@115830 Just spoken to your team in a chat to discuss a Prime order of mine due yesterday that was not arriving until today. Without discussing it with me, they've scheduled a re-delivery which means it will be further delayed. Not happy with this service at all!",,cancellation_or_refund_request,manual_primary_labeler_review,"common,ambiguous,multi_intent",hard,True,High-risk intent (cancellation_or_refund_request),"Customer explicitly wants to cancel an order, or is requesting or following up on a refund (including refund amount/timeline disputes). Financial-action intent.",[corrected to 'cancellation_or_refund_request' during manual primary-labeler review],@229490 So sorry to hear about the poor service you received! This is not what we expect out of our representatives at all! If the order doesn't arrive within the date provided by the representative p
golden_026,AmazonHelp_239517,@115821 I️ don’t understand that I️ ordered something that was to be delivered today only to find out there’s no delivery update. I️ need it by Monday.,,app_or_device_technical_issue,manual_primary_labeler_review,"rare,ambiguous",hard,True,Ambiguous intent (classifier margin < 0.15),"Technical bug or malfunction in an Amazon app, Kindle, Alexa/Echo, or Fire TV -- not an order/delivery issue at all.",[corrected to 'app_or_device_technical_issue' during manual primary-labeler review],@133528 I understand how frustrating this can be and I apologize for it. Can you tell us what options were offered to you after you contacted us? Please keep us posted. ^CC
golden_027,AmazonHelp_1693317,@115850 Unable to add Money to Amazon Pay.. Not receiving verification text mesaage! https://t.co/ogyF6qBqS7,,payment_or_billing_issue,classifier_fallback,"rare,high_risk",medium,True,High-risk intent (payment_or_billing_issue),"Problem with a charge, payment method, or Amazon Pay balance -- being charged multiple times, payment declined, incorrect amount charged. Financial-action intent, account-specific verification usually required.",[label confirmed during manual primary-labeler review; row reconstructed 2026-09-14 after accidental build overwrite -- see scripts/restore_golden_csv_from_review.py],@513879 Apologies for the stretch in resolving the issue. We would like to take a closer look into this. Please share your details here: - https://t.co/beaaDm0muc. We will get back to once we have you
golden_028,AmazonHelp_497291,@115830 still waiting on a delivery/just an update on the delivery #theseareallgoodtimes ? #thesearenotgoodtimes,,delivery_delay,manual_primary_labeler_review,rare,medium,False,,"Order or package has not arrived by the promised, guaranteed, or expected delivery date. Customer is reporting lateness, not a fully missing/lost package.",[corrected to 'delivery_delay' during manual primary-labeler review],"@233672 It looks like we don't have an estimated delivery date yet available for the product. Once a date is calculated, we will e-mail you with an update! ^AB"
golden_029,AmazonHelp_2953704,@115850 Order# 405-2797358-2470712 No update; only DTDC tracking no Z44698404 which says package delivered to a wrong address,,order_status_inquiry,classifier_fallback,"rare,noisy",medium,False,,"General question about the current status of an order (tracking, order ID lookup) without an explicit complaint framing -- the customer wants information, not necessarily compensation.",[label confirmed during manual primary-labeler review; row reconstructed 2026-09-14 after accidental build overwrite -- see scripts/restore_golden_csv_from_review.py],"@691799 Please don't provide your order details, we consider it to be personal information. Our page is visible to the public. 2/2 ^BV"
golden_030,AmazonHelp_1814090,@213587 Can i have any update on this ?,,order_status_inquiry,classifier_fallback,rare,medium,False,,"General question about the current status of an order (tracking, order ID lookup) without an explicit complaint framing -- the customer wants information, not necessarily compensation.",[label confirmed during manual primary-labeler review; row reconstructed 2026-09-14 after accidental build overwrite -- see scripts/restore_golden_csv_from_review.py],@213585 Please check the email which has been sent from social media team. Request you to reply to the same email for further assistance. ^MK
golden_031,AmazonHelp_2972796,@115821 can y'all update my account so I can get my camera through prime. Im not about to wait weeks for it to come through,,payment_or_billing_issue,manual_primary_labeler_review,rare,medium,True,High-risk intent (payment_or_billing_issue),"Problem with a charge, payment method, or Amazon Pay balance -- being charged multiple times, payment declined, incorrect amount charged. Financial-action intent, account-specific verification usually required.",[corrected to 'payment_or_billing_issue' during manual primary-labeler review],@434861 We'd love to take a closer look into this with you via phone or chat here:https://t.co/hApLpMlfHN ^ML
golden_032,AmazonHelp_99824,@115821 how can I update my email address? I've gone through it a dozen times with a dozen passwords and I get this. https://t.co/CoAW8igTO4,,order_status_inquiry,classifier_fallback,"rare,ood",hard,True,Out-of-distribution / low retrieval confidence,"General question about the current status of an order (tracking, order ID lookup) without an explicit complaint framing -- the customer wants information, not necessarily compensation.",[label confirmed during manual primary-labeler review; row reconstructed 2026-09-14 after accidental build overwrite -- see scripts/restore_golden_csv_from_review.py],@137856 I can understand your frustration! Contact us here and we can address this with you  https://t.co/JzP7hlA23B ^DJ
golden_033,AmazonHelp_468861,"@115850 @AmazonHelp Who is the winner for the #OnePlus5TAppQuiz ? Publish the winner list,waiting for your update.",,order_status_inquiry,classifier_fallback,"rare,ambiguous",hard,True,Ambiguous intent (classifier margin < 0.15),"General question about the current status of an order (tracking, order ID lookup) without an explicit complaint framing -- the customer wants information, not necessarily compensation.",[label confirmed during manual primary-labeler review; row reconstructed 2026-09-14 after accidental build overwrite -- see scripts/restore_golden_csv_from_review.py],"@226636 I'm sorry for the delay in publishing the results. We're working on it, kindly stay tuned. ^AP"
golden_034,AmazonHelp_2945574,"@AmazonHelp My package has been “delayed” two days in a row, and there’s no tracking update yet today despite a CSR telling me I’d definitely get it today. Just tell me they lost it and send me another one already.",,content_availability_inquiry,classifier_fallback,rare,medium,False,,"Question about whether specific content (a show, movie, season, or book) is available, in what region, or when it will be released -- a Prime Video / Kindle catalog question, not a technical bug report.",[label confirmed during manual primary-labeler review; row reconstructed 2026-09-14 after accidental build overwrite -- see scripts/restore_golden_csv_from_review.py],@223600 We'd like to look at this order with you and help the best we can! Please reach out to us by phone: https://t.co/hApLpMlfHN ^DD
golden_035,AmazonHelp_512351,"@115830 You abandon £100s worth of our Christmas presents on a countryside wall in the pouring rain and have the gall to send a status update to say ""delivered""? Ridiculous.",,return_or_replacement_request,manual_primary_labeler_review,rare,medium,False,,"Customer received a wrong, damaged, defective, or counterfeit product and wants a return, replacement, or exchange (as opposed to simply wanting money back, though these can overlap).",[corrected to 'return_or_replacement_request' during manual primary-labeler review],"@237827 Hey, James! Which courier delivered your parcels? You can find that information here: https://t.co/aaDyEz1VgE ^LA"
golden_036,AmazonHelp_2933560,Its been 4 days already and I havenot recieved any call or update regarding the counterfeiting of @112482 . And fake sellers are selling without any fear on your platform. @Amazonhelp @115851 https://t.co/XTyoD4yLo1,,order_status_inquiry,classifier_fallback,"rare,ood",hard,True,Out-of-distribution / low retrieval confidence,"General question about the current status of an order (tracking, order ID lookup) without an explicit complaint framing -- the customer wants information, not necessarily compensation.",[label confirmed during manual primary-labeler review; row reconstructed 2026-09-14 after accidental build overwrite -- see scripts/restore_golden_csv_from_review.py],@181633 Our team is working on your issue. We shall be getting it resolved at the earliest. Your patience is much appreciated here. ^CB
golden_037,AmazonHelp_544449,"The new printer we ordered, on Nov. 22nd, was supposed to be here from Nov. 29th - Dec 1st. Now I got an update it may not be here until Dec. 7th?What the hell @AmazonHelp @115821",,order_status_inquiry,classifier_fallback,rare,medium,False,,"General question about the current status of an order (tracking, order ID lookup) without an explicit complaint framing -- the customer wants information, not necessarily compensation.",[label confirmed during manual primary-labeler review; row reconstructed 2026-09-14 after accidental build overwrite -- see scripts/restore_golden_csv_from_review.py],@246498 Apologies for the setback! Was a cause for the delay noted in the e-mail you received? Please let us know! We'd like to help in any way we can. ^FD
golden_038,AmazonHelp_2847405,"@AmazonHelp Order no. 171-8264819-8281921. I have ordered the product on 9th Nov 2017, still didn't received the product yet neither any update from your side regarding the product.Still not yet dispatched. Dissapointing purchase it is.",,delivery_delay,manual_primary_labeler_review,rare,medium,False,,"Order or package has not arrived by the promised, guaranteed, or expected delivery date. Customer is reporting lateness, not a fully missing/lost package.",[corrected to 'delivery_delay' during manual primary-labeler review],"@791911 I get your concern regarding the delivery of the order. However, all the packages are shipped on time so that it reaches you by estimated delivery date. Request you to wait till the same. ^SM"
golden_039,AmazonHelp_73611,"@115850 need to update its app services to update address after order . I ordered some books and paid by @115823 but want to update my address because i’m not available there even you should help me out to deliver all my orders at same day.
#helpmeout",,order_status_inquiry,classifier_fallback,rare,medium,False,,"General question about the current status of an order (tracking, order ID lookup) without an explicit complaint framing -- the customer wants information, not necessarily compensation.",[label confirmed during manual primary-labeler review; row reconstructed 2026-09-14 after accidental build overwrite -- see scripts/restore_golden_csv_from_review.py],"@132463 We won't be able to make any changes to orders that are successfully placed, Ankit. However, I'll ensure to share your comments as feedback to our concerned team and get it reviewed. ^RI"
golden_040,AmazonHelp_586875,@119625 since your last update on iPhone 📱 it doesn’t cast on @115858 TV 📺. Please help,,order_status_inquiry,classifier_fallback,rare,medium,False,,"General question about the current status of an order (tracking, order ID lookup) without an explicit complaint framing -- the customer wants information, not necessarily compensation.",[label confirmed during manual primary-labeler review; row reconstructed 2026-09-14 after accidental build overwrite -- see scripts/restore_golden_csv_from_review.py],@258586 We’re working hard on an app to cast for AppleTV. Please stay tuned for further update. ^SG
golden_041,AmazonHelp_540849,"Please update the result ? 
#AmazonRechargeQuiz 
@AmazonHelp 
@115850",,order_status_inquiry,classifier_fallback,rare,medium,False,,"General question about the current status of an order (tracking, order ID lookup) without an explicit complaint framing -- the customer wants information, not necessarily compensation.",[label confirmed during manual primary-labeler review; row reconstructed 2026-09-14 after accidental build overwrite -- see scripts/restore_golden_csv_from_review.py],"@223718 Results would be announced soon and as mentioned earlier, the winners would be notified via email; appreciate your understanding. ^VN"
golden_042,AmazonHelp_2945574,"@AmazonHelp My package has been “delayed” two days in a row, and there’s no tracking update yet today despite a CSR telling me I’d definitely get it today. Just tell me they lost it and send me another one already.",,content_availability_inquiry,classifier_fallback,rare,medium,False,,"Question about whether specific content (a show, movie, season, or book) is available, in what region, or when it will be released -- a Prime Video / Kindle catalog question, not a technical bug report.",[label confirmed during manual primary-labeler review; row reconstructed 2026-09-14 after accidental build overwrite -- see scripts/restore_golden_csv_from_review.py],@223600 We'd like to look at this order with you and help the best we can! Please reach out to us by phone: https://t.co/hApLpMlfHN ^DD
golden_043,AmazonHelp_487780,"Ready to throw this @116439 off the nearest bridge. Since whatever update, I get kicked out of Hulu constantly because of a “poor connection” smfh get it together",,order_status_inquiry,classifier_fallback,rare,medium,False,,"General question about the current status of an order (tracking, order ID lookup) without an explicit complaint framing -- the customer wants information, not necessarily compensation.",[label confirmed during manual primary-labeler review; row reconstructed 2026-09-14 after accidental build overwrite -- see scripts/restore_golden_csv_from_review.py],@231101 Oh no! Have you tired uninstalling and reinstalling the app? ^BA
golden_044,AmazonHelp_2945574,"@AmazonHelp My package has been “delayed” two days in a row, and there’s no tracking update yet today despite a CSR telling me I’d definitely get it today. Just tell me they lost it and send me another one already.",,content_availability_inquiry,classifier_fallback,rare,medium,False,,"Question about whether specific content (a show, movie, season, or book) is available, in what region, or when it will be released -- a Prime Video / Kindle catalog question, not a technical bug report.",[label confirmed during manual primary-labeler review; row reconstructed 2026-09-14 after accidental build overwrite -- see scripts/restore_golden_csv_from_review.py],@223600 We'd like to look at this order with you and help the best we can! Please reach out to us by phone: https://t.co/hApLpMlfHN ^DD
golden_045,AmazonHelp_64147,"So many days yet no update. @AmazonHelp 
There are cases of fraud pick ups.
Guys be aware @130725 @130726 @17497 @130727 @115530 @130728 @115531 @115532 @130729 @115533 @130730 https://t.co/dLyuiAUNro",,order_status_inquiry,classifier_fallback,rare,medium,False,,"General question about the current status of an order (tracking, order ID lookup) without an explicit complaint framing -- the customer wants information, not necessarily compensation.",[label confirmed during manual primary-labeler review; row reconstructed 2026-09-14 after accidental build overwrite -- see scripts/restore_golden_csv_from_review.py],"@130724 I get that you're upset. However, be assured we're working on it and we'll get back to you soon. ^BV"
golden_046,AmazonHelp_2318805,@116935 shuffle isn’t working since the last update on iPhone.,,order_status_inquiry,classifier_fallback,rare,medium,False,,"General question about the current status of an order (tracking, order ID lookup) without an explicit complaint framing -- the customer wants information, not necessarily compensation.",[label confirmed during manual primary-labeler review; row reconstructed 2026-09-14 after accidental build overwrite -- see scripts/restore_golden_csv_from_review.py],@672159 Thanks for reaching out to us via Twitter. Please check here for possible trouble shooting options: https://t.co/T5n0k7VOMq ^MO
golden_047,AmazonHelp_576508,"@AmazonHelp The first pic was the USPS status update. Very obviously unhelpful. You can see it went from being on a truck to being ""someday"".",,general_other,manual_primary_labeler_review,"rare,ood",hard,True,High-risk intent (general_other),"Does not clearly fit another category -- includes promotional/ off-topic mentions, ambiguous one-line messages, multi-topic messages, and messages that need more context than the root message alone provides. This is the deliberate ""I'm not sure"" bucket rather than forcing a low-confidence fit into another intent; it should route toward escalation/abstention, not toward a guessed intent.",[corrected to 'general_other' during manual primary-labeler review],"@255523 Once an item enters the shipping process, we're unable to influence or take action on the order. Reaching out to the carrier may be helpful to gain additional insight on the status of your pac"
golden_048,AmazonHelp_2866042,"@AmazonHelp i have an order that is supposed to get here tonight, but the problem is that when i click ""see all updates"" it only has one update which doesnt really help.",,general_other,manual_primary_labeler_review,rare,medium,True,High-risk intent (general_other),"Does not clearly fit another category -- includes promotional/ off-topic mentions, ambiguous one-line messages, multi-topic messages, and messages that need more context than the root message alone provides. This is the deliberate ""I'm not sure"" bucket rather than forcing a low-confidence fit into another intent; it should route toward escalation/abstention, not toward a guessed intent.",[corrected to 'general_other' during manual primary-labeler review],"@248050 We ask that you give the seller up to two business days to respond. If they don't respond or they're not able to assist, we may still have available options with our A-to-z Guarantee Protectio"
golden_049,AmazonHelp_80559,@AmazonHelp is there anyway to get an update on return that was delivered to Amazon 2 days ago?,,return_or_replacement_request,manual_primary_labeler_review,rare,medium,False,,"Customer received a wrong, damaged, defective, or counterfeit product and wants a return, replacement, or exchange (as opposed to simply wanting money back, though these can overlap).",[corrected to 'return_or_replacement_request' during manual primary-labeler review],@133884 Hello! It generally takes 5-7 business days for your bank to process your refund after we received the return. You can track your return here: https://t.co/idZStYBf5n.^CN
golden_050,AmazonHelp_474308,How can @115830 say payment is declined when the money came out my account the day before? Like I can actually see the funds have left my bank.,,delivery_not_received,manual_primary_labeler_review,"rare,high_risk",medium,False,,"Tracking/carrier shows the package as delivered (or a delivery attempt was made), but the customer says they did not actually receive it -- distinct from delivery_delay because there is no further ""in transit"" status to check; this typically requires an investigation/claim rather than just waiting.",[corrected to 'delivery_not_received' during manual primary-labeler review],"@227893 Okay, thanks for that info! Was this an order that you attempted to cancel before it shipped? If so, you can refuse the delivery and the item will be returned to us. A refund will be issued on"
golden_051,AmazonHelp_467533,"Did not receive order no. 405-6021334-3005910. Received sms, item delivered to me &amp; signed by me! @118919",,general_other,classifier_fallback,"medium,ood,high_risk",hard,True,High-risk intent (general_other),"Does not clearly fit another category -- includes promotional/ off-topic mentions, ambiguous one-line messages, multi-topic messages, and messages that need more context than the root message alone provides. This is the deliberate ""I'm not sure"" bucket rather than forcing a low-confidence fit into another intent; it should route toward escalation/abstention, not toward a guessed intent.",[label confirmed during manual primary-labeler review; row reconstructed 2026-09-14 after accidental build overwrite -- see scripts/restore_golden_csv_from_review.py],@226259 Please don't provide your order details as we consider it personal information. Our twitter page is visible to public. 2/2 ^CB
golden_052,AmazonHelp_181281,Our @115821 Dot was delivered today...and thanks to shoddy mailbox keys (the package key they left in our box does NOT work) it's going to sit in below freezing temps in the box until probably Monday when @118706 gets back into their office. Hope it survives....@123967 ideas?,,content_availability_inquiry,classifier_fallback,medium,easy,False,,"Question about whether specific content (a show, movie, season, or book) is available, in what region, or when it will be released -- a Prime Video / Kindle catalog question, not a technical bug report.",[label confirmed during manual primary-labeler review; row reconstructed 2026-09-14 after accidental build overwrite -- see scripts/restore_golden_csv_from_review.py],@158567 I am so sorry your Dot is sitting under below freezing weather. Please let us know if you are able to retrieve your echo on Monday. Keep us posted. ^CC
golden_053,AmazonHelp_93651,"@115830 Hi, how can I return a faulty item after a month? I have an @5516 in-ear mic that doesn't record and it's costing me my job and my sanity. Thanks.",,general_other,classifier_fallback,"medium,ood,high_risk",hard,True,High-risk intent (general_other),"Does not clearly fit another category -- includes promotional/ off-topic mentions, ambiguous one-line messages, multi-topic messages, and messages that need more context than the root message alone provides. This is the deliberate ""I'm not sure"" bucket rather than forcing a low-confidence fit into another intent; it should route toward escalation/abstention, not toward a guessed intent.",[label confirmed during manual primary-labeler review; row reconstructed 2026-09-14 after accidental build overwrite -- see scripts/restore_golden_csv_from_review.py],@136297 Oh no! Please reach out to us here via phone or chat: https://t.co/hApLpMlfHN so we can look into options with you! We'd like to help! ^ZW
golden_054,AmazonHelp_352913,"@AmazonHelp Sir, how you can send me subscription item on one time purchase rate, after numerous reminders in these 2 days your side response is pathetic. After subscribing, rarely i see the amount of subscribed product you send.",,account_access_issue,manual_primary_labeler_review,"medium,ood,high_risk",hard,True,High-risk intent (account_access_issue),"Customer is locked out of their account, believes it was hacked, or had account details (email, region) changed without their action. Security-sensitive.",[corrected to 'account_access_issue' during manual primary-labeler review],"@199910 Thank you for sharing your details, we'll get back to you soon. ^SU"
golden_055,AmazonHelp_537501,"@AmazonHelp @115830 @24466 I pre-ordered this in January, released in October, told I would get it in November, but am still waiting, with no estimated delivery date (but other UK sellers have it) https://t.co/s429TDUsk9",,prime_membership_issue,classifier_fallback,medium,easy,False,,"Question or complaint specifically about Prime membership itself -- signup, billing, benefits, or Prime's delivery-speed promise as a membership-value issue (distinct from a one-off delivery_delay).",[label confirmed during manual primary-labeler review; row reconstructed 2026-09-14 after accidental build overwrite -- see scripts/restore_golden_csv_from_review.py],"@244590 I'm sorry to hear you haven't received your order, Dave. Have you received any emails with updated availability information? What is the current status of the order? You can find that informat"
golden_056,AmazonHelp_91509,"@115850 @115851 @4773 __email__,Reg Mob-9717597841.I have placed an order on Amazon.in on 21NOV. Order ID-4__credit_card__.Not received order Still.Estimated Delivery Date of Order was 27Nov &amp;Today is30Nov.I need token of Apology of Rs1000 in AmazonPayBal https://t.co/EarpjMSZBi",,prime_membership_issue,classifier_fallback,medium,easy,False,,"Question or complaint specifically about Prime membership itself -- signup, billing, benefits, or Prime's delivery-speed promise as a membership-value issue (distinct from a one-off delivery_delay).",[label confirmed during manual primary-labeler review; row reconstructed 2026-09-14 after accidental build overwrite -- see scripts/restore_golden_csv_from_review.py],"@135838 Apologies! We'd like to assist you with this issue. Kindly drop your details here: https://t.co/beaaDm0muc and we'll contact you soon. Please don't provide your order details, we consider it t"
golden_057,AmazonHelp_464379,"Enough of I am sorry @115821, a classic trademark of perverse organizational dynamics @115821. FULL REFUND IS THE ONLY ANSWER WHEN A SELLER DELIBERATELY SENDS A DAMAGED ITEM AND ACKNOWLEDGES IT ON THE SALES SLIP. CHECK 112-28550003-9905044. SHAME https://t.co/sciqR2C6om",,prime_membership_issue,manual_primary_labeler_review,"medium,multi_intent,noisy,ood,high_risk",hard,True,Out-of-distribution / low retrieval confidence,"Question or complaint specifically about Prime membership itself -- signup, billing, benefits, or Prime's delivery-speed promise as a membership-value issue (distinct from a one-off delivery_delay).",[corrected to 'prime_membership_issue' during manual primary-labeler review],"@224929 If the order is fulfilled by a third-party seller on the site, contact the seller for the quickest resolution. If you don't receive a response from the seller within 2 business days, learn mor"
golden_058,AmazonHelp_2821588,"Hey @115821 and @118706, Thatnks for delivering my package to the side of my driveway nowhere near my mailbox of my door. It was really fun looking for it in the middle of the night....DO BETTER. It looks like someone just literally tossed it in my lawn. WTF",,content_availability_inquiry,classifier_fallback,medium,easy,False,,"Question about whether specific content (a show, movie, season, or book) is available, in what region, or when it will be released -- a Prime Video / Kindle catalog question, not a technical bug report.",[corrected to 'content_availability_inquiry' during manual primary-labeler review],@641349 I'm really sorry to hear that. Was everything okay with the parcel?^MA
golden_059,AmazonHelp_2815488,Why did amazon take a picture of my package on my doorstep after they delivered it? Is that a thing now? ..,,content_availability_inquiry,classifier_fallback,medium,easy,False,,"Question about whether specific content (a show, movie, season, or book) is available, in what region, or when it will be released -- a Prime Video / Kindle catalog question, not a technical bug report.",[label confirmed during manual primary-labeler review; row reconstructed 2026-09-14 after accidental build overwrite -- see scripts/restore_golden_csv_from_review.py],"@784928 When a package is delivered by out delivery team, you may receive a picture letting you know that your package was delivered, and where it was left at. You can learn more about this by clickin"
golden_060,AmazonHelp_499976,@117795 Can you get your UK counterparts to stop being the funny guys.  Why would a refund for an item not be the full amount I paid for it?,,cancellation_or_refund_request,manual_primary_labeler_review,"medium,ood,high_risk",hard,True,High-risk intent (cancellation_or_refund_request),"Customer explicitly wants to cancel an order, or is requesting or following up on a refund (including refund amount/timeline disputes). Financial-action intent.",[corrected to 'cancellation_or_refund_request' during manual primary-labeler review],"@234420 Oh no!  I'm sorry to hear that, Joe!  This should lend some insight: https://t.co/QjQO9Oh6hL.  Thank you! ^WB"
golden_061,AmazonHelp_2981065,"My kindle was supposed to come today. It didn’t. I checked the tracking and now it says “on the way” and “Now expected November 30 - December 2.” Why even have prime, @115821? This is my 2nd late package this week.",,customer_service_complaint,manual_primary_labeler_review,medium,easy,True,High-risk intent (customer_service_complaint),"General dissatisfaction or venting about support quality itself (""worst customer service"", ""pathetic"") without a distinct, actionable request beyond ""fix this."" High escalation risk because there is often no single retrievable resolution -- the underlying issue is usually one of the other intents, expressed as a complaint about *how* it was (mis)handled.",[corrected to 'customer_service_complaint' during manual primary-labeler review],@739330 I'm sorry your order is delayed! Who is the carrier for your package? ^QJ
golden_062,AmazonHelp_1271648,Dear @1107 @115821@AmazonHelp @115850 am I wrong in asking refund for this? #nokiascam #scamdeal #amazonscam #NewsAlert #news #harassment https://t.co/DSokF3IqDu,,app_or_device_technical_issue,classifier_fallback,medium,easy,False,,"Technical bug or malfunction in an Amazon app, Kindle, Alexa/Echo, or Fire TV -- not an order/delivery issue at all.",[label confirmed during manual primary-labeler review; row reconstructed 2026-09-14 after accidental build overwrite -- see scripts/restore_golden_csv_from_review.py],"@220245 I understand your issue with the returns, call us here: https://t.co/vlvfJr4nN9 &amp; we'll help you with the available options. ^MJ"
golden_063,AmazonHelp_1548366,"Remember when @115821 got upset when @115817 and @81 missed deliveries?  So Amazon set up their own logistics?  Yea, @115821 missed today’s delivery and is only giving a date range for next attempt. I miss @115817 and @81.",,delivery_not_received,manual_primary_labeler_review,"medium,ood",hard,True,Out-of-distribution / low retrieval confidence,"Tracking/carrier shows the package as delivered (or a delivery attempt was made), but the customer says they did not actually receive it -- distinct from delivery_delay because there is no further ""in transit"" status to check; this typically requires an investigation/claim rather than just waiting.",[corrected to 'delivery_not_received' during manual primary-labeler review],@479333 I'm sorry for the wait! What's the most up to date tracking information shown here: https://t.co/Y5jpI9gRhE? ^DW
golden_064,AmazonHelp_526184,"@115850 @115821 @AmazonHelp @115821 Order # 402-0726587-9868359. It's been 18 days, haven't recvd item so far. Why so late? When will I receive product? Today is last expected day to deliver.",,general_other,classifier_fallback,"medium,ambiguous,multi_intent,ood,high_risk",hard,True,High-risk intent (general_other),"Does not clearly fit another category -- includes promotional/ off-topic mentions, ambiguous one-line messages, multi-topic messages, and messages that need more context than the root message alone provides. This is the deliberate ""I'm not sure"" bucket rather than forcing a low-confidence fit into another intent; it should route toward escalation/abstention, not toward a guessed intent.",[label confirmed during manual primary-labeler review; row reconstructed 2026-09-14 after accidental build overwrite -- see scripts/restore_golden_csv_from_review.py],"@241744 I'm sorry we'll not be able to access your account here, Amit. Kindly fill in your details here: https://t.co/beaaDlIL5C and we'll get in touch with you with an update. ^AU"
golden_065,AmazonHelp_75961,@AmazonHelp The item doesn't appear on that page 😬,,return_or_replacement_request,manual_primary_labeler_review,"medium,ood,high_risk",hard,True,Out-of-distribution / low retrieval confidence,"Customer received a wrong, damaged, defective, or counterfeit product and wants a return, replacement, or exchange (as opposed to simply wanting money back, though these can overlap).",[corrected to 'return_or_replacement_request' during manual primary-labeler review],@133002 No problem - glad to help :-) ^TD
golden_066,AmazonHelp_471592,"Can I cancel the order of my recently ordered Redmi 4A @115850..  Payment is already done, would I get my refund?",,delivery_not_received,manual_primary_labeler_review,medium,easy,False,,"Tracking/carrier shows the package as delivered (or a delivery attempt was made), but the customer says they did not actually receive it -- distinct from delivery_delay because there is no further ""in transit"" status to check; this typically requires an investigation/claim rather than just waiting.",[corrected to 'delivery_not_received' during manual primary-labeler review],@227293 I understand you're concerned regarding the refund. Please share your details here: https://t.co/GIJyeY99fq through the related account and we will help you. ^AH
golden_067,AmazonHelp_2830766,@115830 come back and deliver my package I've been here all day bruv,,content_availability_inquiry,classifier_fallback,medium,easy,False,,"Question about whether specific content (a show, movie, season, or book) is available, in what region, or when it will be released -- a Prime Video / Kindle catalog question, not a technical bug report.",[label confirmed during manual primary-labeler review; row reconstructed 2026-09-14 after accidental build overwrite -- see scripts/restore_golden_csv_from_review.py],"@788239 Hi, I'm sorry to hear that your delivery hasn't arrived with you. Can I ask what courier is delivering your parcel? ^KI"
golden_068,AmazonHelp_128047,@AmazonHelp I have not received my refund ..,,general_other,manual_primary_labeler_review,medium,easy,True,High-risk intent (general_other),"Does not clearly fit another category -- includes promotional/ off-topic mentions, ambiguous one-line messages, multi-topic messages, and messages that need more context than the root message alone provides. This is the deliberate ""I'm not sure"" bucket rather than forcing a low-confidence fit into another intent; it should route toward escalation/abstention, not toward a guessed intent.",[corrected to 'general_other' during manual primary-labeler review],"@144768 I understand your concern regarding the refund. Kindly revert to the correspondence which you have received from us and we will assist you further. Please don't provide your order details, we "
golden_069,AmazonHelp_2958614,Really wish @115821 would deliver my packages on time. STILL 2 days late on nearly every purchase. Why do I even have Prime? Waste of money.,,cancellation_or_refund_request,classifier_fallback,"medium,ambiguous,high_risk",hard,True,High-risk intent (cancellation_or_refund_request),"Customer explicitly wants to cancel an order, or is requesting or following up on a refund (including refund amount/timeline disputes). Financial-action intent.",[label confirmed during manual primary-labeler review; row reconstructed 2026-09-14 after accidental build overwrite -- see scripts/restore_golden_csv_from_review.py],"@438662 Oh no!  I'm so sorry to hear this!  Are your orders arriving consistently late with one carrier in particular, or does it not seem to matter who the carrier is?  You can see the carrier for yo"
golden_070,AmazonHelp_2952302,And there's literally no option for me to report that my package wasn't delivered as claimed @115821,,content_availability_inquiry,classifier_fallback,medium,easy,False,,"Question about whether specific content (a show, movie, season, or book) is available, in what region, or when it will be released -- a Prime Video / Kindle catalog question, not a technical bug report.",[label confirmed during manual primary-labeler review; row reconstructed 2026-09-14 after accidental build overwrite -- see scripts/restore_golden_csv_from_review.py],@815191 Oh no! Sorry to hear this! Have you followed the steps shown here: https://t.co/2eIheWEsFq to try to find your missing package? ^AD
golden_071,AmazonHelp_2959970,@115830 (2/2) I’ve contacted the seller and was told to wait 2 days for a response. if I’m paying for prime then I shouldn’t have to wait for my delivery when I was given a specific date for delivery that it has not been met??? ignore the monkey. Hiding the birthday gift,,prime_membership_issue,classifier_fallback,"medium,noisy",medium,False,,"Question or complaint specifically about Prime membership itself -- signup, billing, benefits, or Prime's delivery-speed promise as a membership-value issue (distinct from a one-off delivery_delay).",[label confirmed during manual primary-labeler review; row reconstructed 2026-09-14 after accidental build overwrite -- see scripts/restore_golden_csv_from_review.py],"@816936 Sorry about that! Our couriers do deliver until 21:00. If it doesn't show up, please let us know! ^MT"
golden_072,AmazonHelp_2945489,"So not only had @115821 taken $100 unauthorized from me without consent or reason, they admit their fault in email and NO ONE is helping to refund it even though they said they would.  Liars.",,app_or_device_technical_issue,classifier_fallback,medium,easy,False,,"Technical bug or malfunction in an Amazon app, Kindle, Alexa/Echo, or Fire TV -- not an order/delivery issue at all.",[label confirmed during manual primary-labeler review; row reconstructed 2026-09-14 after accidental build overwrite -- see scripts/restore_golden_csv_from_review.py],@807850 We'd like to help! What was the description of the charge? ^KJ
golden_073,AmazonHelp_2906628,"every time @115821 delivers a package there’s a problem. just use @115817 or @81, y’all suck",,general_other,manual_primary_labeler_review,medium,easy,True,High-risk intent (general_other),"Does not clearly fit another category -- includes promotional/ off-topic mentions, ambiguous one-line messages, multi-topic messages, and messages that need more context than the root message alone provides. This is the deliberate ""I'm not sure"" bucket rather than forcing a low-confidence fit into another intent; it should route toward escalation/abstention, not toward a guessed intent.",[corrected to 'general_other' during manual primary-labeler review],@804863 Have you had a chance to review your delivery preferences/options for when you aren't home? You can review these here: https://t.co/eMbfcRpEzp ^WM
golden_074,AmazonHelp_467389,"@AmazonHelp seller id: __email__
Order#4__credit_card__ returned by buyer 17 days ago yet not received. As per your Modi style commitment refund the amount.
PS You ain't Modi! Tumse na ho payega let it be!😂 https://t.co/AeF5VqZaUZ",,app_or_device_technical_issue,classifier_fallback,medium,easy,False,,"Technical bug or malfunction in an Amazon app, Kindle, Alexa/Echo, or Fire TV -- not an order/delivery issue at all.",[label confirmed during manual primary-labeler review; row reconstructed 2026-09-14 after accidental build overwrite -- see scripts/restore_golden_csv_from_review.py],"@226258 I understand your concern regarding the refund. However, as mentioned earlier, we've not received your details yet. Please share them here: https://t.co/beaaDm0muc we'll reach out to you soon."
golden_075,AmazonHelp_2151915,"@AmazonHelp I ordered something from the marketplace and the seller has disappeared with my money, isn’t accepting contact through the form and I never got the item. Help?",,general_other,classifier_fallback,"medium,ood,high_risk",hard,True,High-risk intent (general_other),"Does not clearly fit another category -- includes promotional/ off-topic mentions, ambiguous one-line messages, multi-topic messages, and messages that need more context than the root message alone provides. This is the deliberate ""I'm not sure"" bucket rather than forcing a low-confidence fit into another intent; it should route toward escalation/abstention, not toward a guessed intent.",[label confirmed during manual primary-labeler review; row reconstructed 2026-09-14 after accidental build overwrite -- see scripts/restore_golden_csv_from_review.py],@632365 We'll always be here to help when you need us! ^JE
golden_076,AmazonHelp_1124975,"Not happy with @115830 @AmazonHelp atm! When you are a prime member your stuff should be delivered in one day not in 4 days! then call to talk to them and face a load of people laughing, shouting and swearing in the background. Totally unprofessional - waste of £79 per year!",,delivery_delay,classifier_fallback,"common,ambiguous,multi_intent,noisy",hard,True,Ambiguous intent (classifier margin < 0.15),"Order or package has not arrived by the promised, guaranteed, or expected delivery date. Customer is reporting lateness, not a fully missing/lost package.",[label confirmed during manual primary-labeler review; row reconstructed 2026-09-14 after accidental build overwrite -- see scripts/restore_golden_csv_from_review.py],"@385268 You can provide feedback about your customer service experience in the e-mail you received at the end of the call. As for your order, did you click on 'all updates' that I see in one of your s"
golden_077,AmazonHelp_2928365,"Brother @115850 I put a return request on a order like three weeks back. You don't seem to care about it, BUT I WANT MY FUCKING MONEY BACK.",,cancellation_or_refund_request,classifier_fallback,"common,ambiguous,noisy",hard,True,High-risk intent (cancellation_or_refund_request),"Customer explicitly wants to cancel an order, or is requesting or following up on a refund (including refund amount/timeline disputes). Financial-action intent.",[label confirmed during manual primary-labeler review; row reconstructed 2026-09-14 after accidental build overwrite -- see scripts/restore_golden_csv_from_review.py],@810137 I'm sorry for the delay in picking up your product. Kindly fill in your details here: https://t.co/beaaDm0muc and we'll reach out to you with an update. ^AU
golden_078,AmazonHelp_2813513,"Amazon said they’d have my package here by 8 today, and I’ve been sitting here staring at my porch camera waiting for the UPS truck",,customer_service_complaint,manual_primary_labeler_review,"common,ambiguous",hard,True,High-risk intent (customer_service_complaint),"General dissatisfaction or venting about support quality itself (""worst customer service"", ""pathetic"") without a distinct, actionable request beyond ""fix this."" High escalation risk because there is often no single retrievable resolution -- the underlying issue is usually one of the other intents, expressed as a complaint about *how* it was (mis)handled.",[corrected to 'customer_service_complaint' during manual primary-labeler review],"@784467 I'm sorry we missed you today! If you'd like us to submit carrier feedback on your behalf and review our available options, please reach out to us by chat or phone here: https://t.co/hApLpMlfH"
golden_079,AmazonHelp_765833,@115850 I order the item on 18 nov but till now I didn’t receive worst delivery service you are provide and your courier don’t even pick the call worst experience,,cancellation_or_refund_request,manual_primary_labeler_review,"medium,ambiguous,ood,high_risk",hard,True,High-risk intent (cancellation_or_refund_request),"Customer explicitly wants to cancel an order, or is requesting or following up on a refund (including refund amount/timeline disputes). Financial-action intent.",[corrected to 'cancellation_or_refund_request' during manual primary-labeler review],"@303027 Sorry to know your order is yet to be delivered, we certainly didn't expect this to happen. Please connect with our support team here: https://t.co/TdDksLo6Mf. We'll look into it. ^PS"
golden_080,AmazonHelp_1616459,@118919 hey guys I had ordered for a refund for this product.. But no one has showed up for the past 2 days.. &amp; initiation of money is being highlighted.. How? https://t.co/w6lvLaKoU0,,general_other,manual_primary_labeler_review,"medium,ambiguous",hard,True,High-risk intent (general_other),"Does not clearly fit another category -- includes promotional/ off-topic mentions, ambiguous one-line messages, multi-topic messages, and messages that need more context than the root message alone provides. This is the deliberate ""I'm not sure"" bucket rather than forcing a low-confidence fit into another intent; it should route toward escalation/abstention, not toward a guessed intent.",[corrected to 'general_other' during manual primary-labeler review],@139239 I'm positive the query will be resolved soon. Do keep us posted for further help. Appreciate your patience. ^AK
golden_081,AmazonHelp_2872502,@AmazonHelp  I used to be happy signed up for Prime but the past few deliveries I have had. I haven’t felt like a Prime member.   Maybe I should switch back probably get better customer service and service.,,delivery_delay,classifier_fallback,"common,ambiguous,multi_intent",hard,True,Ambiguous intent (classifier margin < 0.15),"Order or package has not arrived by the promised, guaranteed, or expected delivery date. Customer is reporting lateness, not a fully missing/lost package.",[label confirmed during manual primary-labeler review; row reconstructed 2026-09-14 after accidental build overwrite -- see scripts/restore_golden_csv_from_review.py],@201475 Thank you for the information. Is there an updated delivery date for that order here: https://t.co/Y5jpI9gRhE? ^DG
golden_082,AmazonHelp_2868360,"@115821 Your customer service is atrocious! 2nd order in the last 90 days that shows ""delivered"" but yet I have no merchandise. Spoke to 7 different reps with 7 different versions as to why! Now it's delayed until Dec 4th? https://t.co/JkPs9c6j0L",,delivery_delay,manual_primary_labeler_review,"common,ambiguous,noisy",hard,True,Ambiguous intent (classifier margin < 0.15),"Order or package has not arrived by the promised, guaranteed, or expected delivery date. Customer is reporting lateness, not a fully missing/lost package.",[corrected to 'delivery_delay' during manual primary-labeler review],"@796584 Thank you for this information. If you haven't received your items by the 29th, or the 4th, please let us know: https://t.co/hApLpMlfHN ^LR"
golden_083,AmazonHelp_458959,@115821 @UPSHelp and this is why #surepost is a waste of time and money. Package has been in the destination city since yesterday! #uspssucks @118706 #dumbpost #unsurepost oh and yes a #ups truck drove by the destination today. https://t.co/8P7spoZW2C,,return_or_replacement_request,manual_primary_labeler_review,"medium,ambiguous",hard,True,Ambiguous intent (classifier margin < 0.15),"Customer received a wrong, damaged, defective, or counterfeit product and wants a return, replacement, or exchange (as opposed to simply wanting money back, though these can overlap).",[corrected to 'return_or_replacement_request' during manual primary-labeler review],@223997 I'm sorry for the delay with your order! Please get in touch with us here: https://t.co/hApLpMlfHN for available options if the tracking information hasn't updated by morning. ^EZ
golden_084,AmazonHelp_2832875,"@AmazonHelp I want to exchange a faulty item, but I can only seem to be able return it, and it's now gone up in price",,return_or_replacement_request,manual_primary_labeler_review,"common,ambiguous,ood",hard,True,Out-of-distribution / low retrieval confidence,"Customer received a wrong, damaged, defective, or counterfeit product and wants a return, replacement, or exchange (as opposed to simply wanting money back, though these can overlap).",[corrected to 'return_or_replacement_request' during manual primary-labeler review],"@788664 Terribly sorry about your defective item, Jules! Let's see what options are available in real time with you here: https://t.co/JzP7hlA23B ^JZ"
golden_085,AmazonHelp_601306,@AmazonHelp Amazon delivered my package to the wrong address.  They replaced the item but now want me to send back the original that I never got.  What do I do?,,content_availability_inquiry,classifier_fallback,"medium,ambiguous,high_risk",hard,True,Ambiguous intent (classifier margin < 0.15),"Question about whether specific content (a show, movie, season, or book) is available, in what region, or when it will be released -- a Prime Video / Kindle catalog question, not a technical bug report.",[label confirmed during manual primary-labeler review; row reconstructed 2026-09-14 after accidental build overwrite -- see scripts/restore_golden_csv_from_review.py],@262648 You're welcome! Let us know if there's anything else we can do to help! ^CS
golden_086,AmazonHelp_2987255,"@115850 OD-171-2957972-5490713 This item is not Fitting to my laptop. After discussing with CSR over phone that return will be done will receive refund,booked new product, CSR tells only replacement What is going on? Please create return pick up and refund. Verify my call det",,return_or_replacement_request,manual_primary_labeler_review,"common,ambiguous,multi_intent,ood",hard,True,Out-of-distribution / low retrieval confidence,"Customer received a wrong, damaged, defective, or counterfeit product and wants a return, replacement, or exchange (as opposed to simply wanting money back, though these can overlap).",[corrected to 'return_or_replacement_request' during manual primary-labeler review],@823673 Please don’t provide your order details as we consider them to be personal information. Our page is visible to the public. 2/2^SC
golden_087,AmazonHelp_83524,Furious with @115830 carrier: package containing 3 orders claims to have been delivered but I don't have it &amp; I have checked everywhere and checked with my neighbours. I want to find it as weather is not good.,,payment_or_billing_issue,manual_primary_labeler_review,"medium,ambiguous",hard,True,High-risk intent (payment_or_billing_issue),"Problem with a charge, payment method, or Amazon Pay balance -- being charged multiple times, payment declined, incorrect amount charged. Financial-action intent, account-specific verification usually required.",[corrected to 'payment_or_billing_issue' during manual primary-labeler review],"@134351 It's never our intention to cause any frustration, as we strive to get your orders to you by the date given. However, unforeseen circumstances can cause delays. Most deliveries can arrive the "
golden_088,AmazonHelp_558472,"@AmazonHelp, I paid extra to have a package delivered yesterday. Mail has already come today and it's still not here (which should have been here today even without paying extra since I have prime). How do I get back my money I paid for early delivery that never happened?",,content_availability_inquiry,classifier_fallback,"medium,ambiguous,multi_intent",hard,True,Ambiguous intent (classifier margin < 0.15),"Question about whether specific content (a show, movie, season, or book) is available, in what region, or when it will be released -- a Prime Video / Kindle catalog question, not a technical bug report.",[label confirmed during manual primary-labeler review; row reconstructed 2026-09-14 after accidental build overwrite -- see scripts/restore_golden_csv_from_review.py],"@250471 Oh no, Roy!  I am so sorry that this happened!  Please reach out to us here https://t.co/hApLpMlfHN so we can pull up your account and assist you.  Thank you! ^WB"
golden_089,AmazonHelp_64175,@AmazonHelp  i ordered bluetooth speaker worth 1799/-INR and got a prime membership of worth 459/-INR  i cancelled both bluetooth speaker and prime  membership.So they initiated my refund but unfortunately i haven't  received it yet.I also call to help center but prblm remainsame https://t.co/GEAsFcCmnG,,prime_membership_issue,keyword_rule(2_hits),"common,ambiguous,multi_intent,noisy",hard,True,Ambiguous intent (classifier margin < 0.15),"Question or complaint specifically about Prime membership itself -- signup, billing, benefits, or Prime's delivery-speed promise as a membership-value issue (distinct from a one-off delivery_delay).",[label confirmed during manual primary-labeler review; row reconstructed 2026-09-14 after accidental build overwrite -- see scripts/restore_golden_csv_from_review.py],"@130732 I understand your concern regarding the refund which is due as of now. Please share your details here https://t.co/GIJyeYqKE0, we would assist you accordingly.  ^MD"
golden_090,AmazonHelp_2862031,"Dear @118706 @123967 @115821 - could someone please explain to me why my package didn’t get delivered twice.  I live in a 24-7 doorman building / Hotel.  Packages are delivered all day.  I’ve never had an issue until today.  And now, I have to trek to the post office.   Why????",,general_other,manual_primary_labeler_review,"common,ambiguous,noisy,high_risk",hard,True,High-risk intent (general_other),"Does not clearly fit another category -- includes promotional/ off-topic mentions, ambiguous one-line messages, multi-topic messages, and messages that need more context than the root message alone provides. This is the deliberate ""I'm not sure"" bucket rather than forcing a low-confidence fit into another intent; it should route toward escalation/abstention, not toward a guessed intent.",[corrected to 'general_other' during manual primary-labeler review],"@795069 We're happy to assist you. Please reach us directly using ^AM's link, above. ^JR"
golden_091,AmazonHelp_1384143,"??? amazon declined my bank account even after phone call

i pay all orders and i have enough on it to pay for what i just ordered

they literally got paid 3 times in the last 2 days from that account

AMAZON PLS",,payment_or_billing_issue,classifier_fallback,"rare,ambiguous,noisy,high_risk",hard,True,High-risk intent (payment_or_billing_issue),"Problem with a charge, payment method, or Amazon Pay balance -- being charged multiple times, payment declined, incorrect amount charged. Financial-action intent, account-specific verification usually required.",[label confirmed during manual primary-labeler review; row reconstructed 2026-09-14 after accidental build overwrite -- see scripts/restore_golden_csv_from_review.py],@442114 Several marketplaces are using this account - so we wanted to make sure to get connected to the right team! 👍 The customer service is unable to change a declined payment method. We will make s
golden_092,AmazonHelp_549435,@115850 Reported a fraudulent seller ( Shipping cheaper models than mentioned in listing ). Requested RTO / Refund once found out. Vineet told me that my order will be RTO and no delivery would be attempted. Suddenly the app shows delivery would be done by Tue. @115851,,delivery_delay,classifier_fallback,"medium,ambiguous,multi_intent",hard,True,Ambiguous intent (classifier margin < 0.15),"Order or package has not arrived by the promised, guaranteed, or expected delivery date. Customer is reporting lateness, not a fully missing/lost package.",[corrected to 'delivery_delay' during manual primary-labeler review],"@247938 I understand your disappointment, Ashish. I'd like to inform you that all reviews on our website are published as long as they abide to the guidelines here: https://t.co/NL0u2rPBfv. Please go "
golden_093,AmazonHelp_495953,I'm no longer an @115821 customer. I placed two orders with them in the past month that never made it to my door (I was home during delivery times too) and I was a prime customer. Really disappointing.,,delivery_not_received,classifier_fallback,"common,ambiguous,ood",hard,True,Out-of-distribution / low retrieval confidence,"Tracking/carrier shows the package as delivered (or a delivery attempt was made), but the customer says they did not actually receive it -- distinct from delivery_delay because there is no further ""in transit"" status to check; this typically requires an investigation/claim rather than just waiting.",[label confirmed during manual primary-labeler review; row reconstructed 2026-09-14 after accidental build overwrite -- see scripts/restore_golden_csv_from_review.py],"@233294 You can contact us by phone, chat, or e-mail here: https://t.co/hApLpMlfHN I hope this helps! ^ZW"
golden_094,AmazonHelp_2980961,I was supposed to get a package guaranteed delivery by today from @115821 and it's now pushed back like 3 days 😩😩😩😕😕,,content_availability_inquiry,classifier_fallback,"medium,ambiguous",hard,True,Ambiguous intent (classifier margin < 0.15),"Question about whether specific content (a show, movie, season, or book) is available, in what region, or when it will be released -- a Prime Video / Kindle catalog question, not a technical bug report.",[label confirmed during manual primary-labeler review; row reconstructed 2026-09-14 after accidental build overwrite -- see scripts/restore_golden_csv_from_review.py],@168447 I'm terribly sorry for this delay. Please keep us updated on the delivery. We want to ensure it arrives. ^RR
golden_095,AmazonHelp_459003,"@115821 you've disappointed me again. 2-day prime delivery actually means ""maybe it'll be there in 2 days but probably not for 3 or 4""",,order_status_inquiry,manual_primary_labeler_review,"common,ambiguous,multi_intent",hard,True,Ambiguous intent (classifier margin < 0.15),"General question about the current status of an order (tracking, order ID lookup) without an explicit complaint framing -- the customer wants information, not necessarily compensation.",[corrected to 'order_status_inquiry' during manual primary-labeler review],@224007 Oh no! Did we miss the date given on the confirmation email? ^BA
golden_096,AmazonHelp_2281452,"@115850 hi team connect to customer care is not working through Amazon app, could you please arrange a call back?",,delivery_delay,classifier_fallback,"common,ambiguous,multi_intent",hard,True,Ambiguous intent (classifier margin < 0.15),"Order or package has not arrived by the promised, guaranteed, or expected delivery date. Customer is reporting lateness, not a fully missing/lost package.",[label confirmed during manual primary-labeler review; row reconstructed 2026-09-14 after accidental build overwrite -- see scripts/restore_golden_csv_from_review.py],"@663170 I'm sorry to learn that you are unable to reach us via phone. Could you please let us know what is the error that you are facing while contacting us? Further, you can request for a callback fr"
golden_097,AmazonHelp_534968,"absolutely pathetic customer service from @115830 been passed around 6 different people, no continuity. Still waiting for my parcel, still no confirmation if it'll actually arrive today. Ridiculous.",,order_status_inquiry,manual_primary_labeler_review,"common,ambiguous",hard,True,Ambiguous intent (classifier margin < 0.15),"General question about the current status of an order (tracking, order ID lookup) without an explicit complaint framing -- the customer wants information, not necessarily compensation.",[corrected to 'order_status_inquiry' during manual primary-labeler review],"@243935 Sorry to hear that, Jes. Please bear with us and a specialist will be in touch as soon as possible.^TI"
golden_098,AmazonHelp_562858,@AmazonHelp I used one of your lockers to return an item on the 22nd of November and it says I will get a refund once my product is back but I haven't heard anything since? The order number is # 202-4125944-1540341 and my name is Lilian Harvey,,delivery_not_received,classifier_fallback,"common,ambiguous",hard,True,Ambiguous intent (classifier margin < 0.15),"Tracking/carrier shows the package as delivered (or a delivery attempt was made), but the customer says they did not actually receive it -- distinct from delivery_delay because there is no further ""in transit"" status to check; this typically requires an investigation/claim rather than just waiting.",[corrected to 'delivery_not_received' during manual primary-labeler review],@251765 Thanks for reaching out to us today. You can check the status of your refund here: https://t.co/ZpRht79UZJ   ^FJ
golden_099,AmazonHelp_573567,ordered my mic ... today i hope i get it delivered in two days so that i can start recording as soon as i finish the writing cuz i havent uploaded anything in a week i am i am sorry for that exams suck . still going on but i have a two day gap i hope i can upload @115850,,payment_or_billing_issue,manual_primary_labeler_review,"common,ambiguous,ood,high_risk",hard,True,High-risk intent (payment_or_billing_issue),"Problem with a charge, payment method, or Amazon Pay balance -- being charged multiple times, payment declined, incorrect amount charged. Financial-action intent, account-specific verification usually required.",[corrected to 'payment_or_billing_issue' during manual primary-labeler review],@254835 I'm positive that the package will be delivered to you within the mentioned time frame. Do keep us posted for any further assistance. ^AH
golden_100,AmazonHelp_64175,@AmazonHelp  i ordered bluetooth speaker worth 1799/-INR and got a prime membership of worth 459/-INR  i cancelled both bluetooth speaker and prime  membership.So they initiated my refund but unfortunately i haven't  received it yet.I also call to help center but prblm remainsame https://t.co/GEAsFcCmnG,,return_or_replacement_request,manual_primary_labeler_review,"common,ambiguous,multi_intent,noisy",hard,True,Ambiguous intent (classifier margin < 0.15),"Customer received a wrong, damaged, defective, or counterfeit product and wants a return, replacement, or exchange (as opposed to simply wanting money back, though these can overlap).",[corrected to 'return_or_replacement_request' during manual primary-labeler review],"@130732 I understand your concern regarding the refund which is due as of now. Please share your details here https://t.co/GIJyeYqKE0, we would assist you accordingly.  ^MD"
golden_101,AmazonHelp_479327,"@AmazonHelp I bought a computer monitor during the cyber monday sales, and now its suddenly being refunded. It's back to the original price. Why does an error that is out of my control mean that I don't get what I paid for, when you clearly have the item in stock? Disappointing",,delivery_not_received,manual_primary_labeler_review,"medium,multi_intent,ood,high_risk",hard,True,Out-of-distribution / low retrieval confidence,"Tracking/carrier shows the package as delivered (or a delivery attempt was made), but the customer says they did not actually receive it -- distinct from delivery_delay because there is no further ""in transit"" status to check; this typically requires an investigation/claim rather than just waiting.",[corrected to 'delivery_not_received' during manual primary-labeler review],"@228912 Hi, I'm sorry to hear of this. Have you been advised why it is being refunded? ^KI"
golden_102,AmazonHelp_2847257,"@115830 hey, whats happening with your Prime delivery dates ? used to be next day, now been quoted Thursday Delivery ???",,return_or_replacement_request,classifier_fallback,"common,multi_intent,noisy",hard,False,,"Customer received a wrong, damaged, defective, or counterfeit product and wants a return, replacement, or exchange (as opposed to simply wanting money back, though these can overlap).",[label confirmed during manual primary-labeler review; row reconstructed 2026-09-14 after accidental build overwrite -- see scripts/restore_golden_csv_from_review.py],"@733757 I'm sorry for any frustration! Prime Shipping refers to the time taken to arrive, in business days, once shipped. Some items may require additional processing time. For additional details, ple"
golden_103,AmazonHelp_2853767,"@AmazonHelp what's going on with deliveries? Ordered last Thursday with Prime, said guaranteed delivery Friday by 8pm, still not here today 😔",,prime_membership_issue,classifier_fallback,"common,multi_intent",hard,False,,"Question or complaint specifically about Prime membership itself -- signup, billing, benefits, or Prime's delivery-speed promise as a membership-value issue (distinct from a one-off delivery_delay).",[label confirmed during manual primary-labeler review; row reconstructed 2026-09-14 after accidental build overwrite -- see scripts/restore_golden_csv_from_review.py],@793324 Hey there! Our couriers do deliver up until 21:00. Please keep us posted and let us know if it doesn't arrive by then. ^MT
golden_104,AmazonHelp_2948117,"@115821 and @AmazonHelp I have contacted you twice about being double charged for an order. I received a refund, and then was double charged again, literally just taking the refund back. So if ya'll could get it together and actually refund me my $50 that would be choice.",,payment_or_billing_issue,keyword_rule(2_hits),"medium,multi_intent,ood",hard,True,High-risk intent (payment_or_billing_issue),"Problem with a charge, payment method, or Amazon Pay balance -- being charged multiple times, payment declined, incorrect amount charged. Financial-action intent, account-specific verification usually required.",[corrected to 'payment_or_billing_issue' during manual primary-labeler review],"@814218 Truly sorry for any inconvenience caused, this isn't our intention! Have you confirmed with your bank/financial institution that what you're seeing is an actual charge? You may be seeing an au"
golden_105,AmazonHelp_504971,Dear @115821 if i order something today on the first and pay for two day shipping and you ship it on the 13th.. do i get a refund on my shipping upgrade?,,return_or_replacement_request,classifier_fallback,"common,multi_intent",hard,False,,"Customer received a wrong, damaged, defective, or counterfeit product and wants a return, replacement, or exchange (as opposed to simply wanting money back, though these can overlap).",[label confirmed during manual primary-labeler review; row reconstructed 2026-09-14 after accidental build overwrite -- see scripts/restore_golden_csv_from_review.py],"@151335 Two-Day Shipping refers to the transit time, in business days, after an order ships. Your shipping fees may be refunded if we miss our promised delivery date. Learn more here: https://t.co/473"
golden_106,AmazonHelp_1719229,"@115850  406-5643992-6124355 is the order ID, 3000 times return initiated, no one comes to pick up...What a pathetic support..all sleeping",,delivery_not_received,classifier_fallback,"common,multi_intent",hard,False,,"Tracking/carrier shows the package as delivered (or a delivery attempt was made), but the customer says they did not actually receive it -- distinct from delivery_delay because there is no further ""in transit"" status to check; this typically requires an investigation/claim rather than just waiting.",[label confirmed during manual primary-labeler review; row reconstructed 2026-09-14 after accidental build overwrite -- see scripts/restore_golden_csv_from_review.py],"@198859 I'm sorry the pick up hasn't been completed yet. I’d like to help you, please fill this form: https://t.co/beaaDm0muc and I’ll look into it right away. Please don't provide your email address "
golden_107,AmazonHelp_2905062,Well done @115830 ! It arrived a day late in see-through wrapping. That’s one Christmas gift spoiled.,,return_or_replacement_request,classifier_fallback,"common,multi_intent",hard,False,,"Customer received a wrong, damaged, defective, or counterfeit product and wants a return, replacement, or exchange (as opposed to simply wanting money back, though these can overlap).",[label confirmed during manual primary-labeler review; row reconstructed 2026-09-14 after accidental build overwrite -- see scripts/restore_golden_csv_from_review.py],"@654151 I'm so sorry to hear your parcel was left in the bin! This is not how we want packages delivered. Please reach out to us here, https://t.co/JzP7hlA23B so we can look into this further for you."
golden_108,AmazonHelp_576030,"@115830 Very disappointed with the poor customer service at Amazon UK! Never buying TVs from them again. Long delivery times, faulty items and nightmare to get replaced! Please can someone  @115830 sort this out! All I now want to do is cancel the order and get a refund!",,delivery_not_received,classifier_fallback,"common,multi_intent,noisy",hard,False,,"Tracking/carrier shows the package as delivered (or a delivery attempt was made), but the customer says they did not actually receive it -- distinct from delivery_delay because there is no further ""in transit"" status to check; this typically requires an investigation/claim rather than just waiting.",[label confirmed during manual primary-labeler review; row reconstructed 2026-09-14 after accidental build overwrite -- see scripts/restore_golden_csv_from_review.py],"@255535 As per previous correspondence, we can't place an order on a customer behalf.  If you do not require this order you can reject it at the door. ^JC"
golden_109,AmazonHelp_888414,"@115821, against our complaint and refund request against order no.402-573-4541-1452349,for MOTO G5S PLUS GOLD 64 GB , sorry to say that nothing positive has been done till date. It has been a sad, frustrating and pathetic experience for us. Soooo sad !",,cancellation_or_refund_request,manual_primary_labeler_review,"medium,multi_intent,noisy",hard,True,High-risk intent (cancellation_or_refund_request),"Customer explicitly wants to cancel an order, or is requesting or following up on a refund (including refund amount/timeline disputes). Financial-action intent.",[corrected to 'cancellation_or_refund_request' during manual primary-labeler review],@330936 Our apologies for the trouble. Did you happen to raise a return request already? Please don’t provide your details as we consider them to be personal information. Our Twitter page is visible t
golden_110,AmazonHelp_455544,@AmazonHelp could really use some help from someone that can actually do something. Prime member. Delivery promised yesterday. Didn’t happen. I’m gone now until Monday and paper product is out for delivery. Was a gift for this weekend.,,delivery_delay,classifier_fallback,"common,multi_intent,ood",hard,True,Out-of-distribution / low retrieval confidence,"Order or package has not arrived by the promised, guaranteed, or expected delivery date. Customer is reporting lateness, not a fully missing/lost package.",[label confirmed during manual primary-labeler review; row reconstructed 2026-09-14 after accidental build overwrite -- see scripts/restore_golden_csv_from_review.py],"@223130 Letting you down is never our intent! When you spoke with us, were we able to escalate carrier feedback? UPS may be able to hold the package for pickup, if needed: https://t.co/iLgioCspPL ^MV"
golden_111,AmazonHelp_64227,"I return my order by DTDC courier that's the courier receipt, Amazon India say you send your product on courier than Amazon pay your courier charges
My total courier charges is 170 RS
But Amazon India refund only 40 RS. I requested you
Pay my 170rs as soon as possible@AmazonHelp https://t.co/FCTdiTIVHm",,app_or_device_technical_issue,manual_primary_labeler_review,"common,multi_intent",hard,False,,"Technical bug or malfunction in an Amazon app, Kindle, Alexa/Echo, or Fire TV -- not an order/delivery issue at all.",[corrected to 'app_or_device_technical_issue' during manual primary-labeler review],"@130737 That doesn't sound right! Usually, full return shipping charges will be refunded to the Amazon Pay Balance account. Please call us here: https://t.co/vlvfJr4nN9 &amp; we'll look into this. (1/"
golden_112,AmazonHelp_561622,"@AmazonHelp Exact same items sent to me, damaged, 3 times in a row. Nobody willing to help prevent this from happening, no solution. Release-day delivery order delayed for 3 days. Nobody willing to help get it delivered the next day. Amazon sure knows how to treat their customers",,delivery_delay,manual_primary_labeler_review,"common,multi_intent",hard,False,,"Order or package has not arrived by the promised, guaranteed, or expected delivery date. Customer is reporting lateness, not a fully missing/lost package.",[corrected to 'delivery_delay' during manual primary-labeler review],"@249652 This last time you received the damaged item, what info/options were we able to provide? ^JM"
golden_113,AmazonHelp_2927717,"@115850 solve my all issues.. provide me a better replacement or refund me my money.

9636096361
__email__",,cancellation_or_refund_request,classifier_fallback,"medium,multi_intent,high_risk",hard,True,High-risk intent (cancellation_or_refund_request),"Customer explicitly wants to cancel an order, or is requesting or following up on a refund (including refund amount/timeline disputes). Financial-action intent.",[corrected to 'cancellation_or_refund_request' during manual primary-labeler review],"@809986 Sorry for the inconvenience with the return of the order. We'd like to understand this better, would you please tell us more about the issue or you may reach out to our support team from here "
golden_114,AmazonHelp_93552,I’ve been very disappointed with @115821 the past year or so. I keep getting my prime orders late. I just had to cancel another late order because it’s not going to be here in time for my work’s donation to the @136275. I ordered it a week in advance.,,delivery_delay,classifier_fallback,"common,multi_intent",hard,False,,"Order or package has not arrived by the promised, guaranteed, or expected delivery date. Customer is reporting lateness, not a fully missing/lost package.",[label confirmed during manual primary-labeler review; row reconstructed 2026-09-14 after accidental build overwrite -- see scripts/restore_golden_csv_from_review.py],"@136274 Hi there! I'm very sorry that you've been having these late deliveries for a year now, Mitsy. For your records, here are the definitive terms for Prime shipping: https://t.co/oLpUAwR3rH  You c"
golden_115,AmazonHelp_2866023,@AmazonHelp how can I get a refund for a product never received that the seller will not respond to,,app_or_device_technical_issue,classifier_fallback,"medium,multi_intent",hard,False,,"Technical bug or malfunction in an Amazon app, Kindle, Alexa/Echo, or Fire TV -- not an order/delivery issue at all.",[label confirmed during manual primary-labeler review; row reconstructed 2026-09-14 after accidental build overwrite -- see scripts/restore_golden_csv_from_review.py],"@713768 I'm sorry you haven't received a response from the seller, Ken. In this case, you may qualify for an A-to-z Guarantee Claim. Let's proceed with filing the claim using the steps found here: htt"
golden_116,AmazonHelp_471542,"@AmazonHelp just sent me a refund for the wrong item, at the wrong price 😶",,general_other,classifier_fallback,"medium,multi_intent,ood,high_risk",hard,True,High-risk intent (general_other),"Does not clearly fit another category -- includes promotional/ off-topic mentions, ambiguous one-line messages, multi-topic messages, and messages that need more context than the root message alone provides. This is the deliberate ""I'm not sure"" bucket rather than forcing a low-confidence fit into another intent; it should route toward escalation/abstention, not toward a guessed intent.",[label confirmed during manual primary-labeler review; row reconstructed 2026-09-14 after accidental build overwrite -- see scripts/restore_golden_csv_from_review.py],@227282 I am sorry to hear this. Can you please reach out to us using the following link so we can see what options we have for you: https://t.co/hApLpMlfHN.^GA
golden_117,AmazonHelp_499952,"@AmazonHelp I have an order where your portal says the package is delayed, but UPS says they have never received anything at all... so it's stuck somewhere in between. Would you be able to check on what's actually going on?",,content_availability_inquiry,classifier_fallback,"medium,multi_intent",hard,False,,"Question about whether specific content (a show, movie, season, or book) is available, in what region, or when it will be released -- a Prime Video / Kindle catalog question, not a technical bug report.",[label confirmed during manual primary-labeler review; row reconstructed 2026-09-14 after accidental build overwrite -- see scripts/restore_golden_csv_from_review.py],"@234414 I'm so sorry for the trouble with this order, Jeff! We don't have the ability to access your Amazon account via Twitter but we'd like to have someone look into this with you. Please reach us b"
golden_118,AmazonHelp_603181,".@115830 last 5 of 10 Amazon Prime orders either no shows, late or chucked over back gate &amp; left out in the rain. Beyond frustrating 2 b paying for a service which is not being delivered!Probs happened 2 start when delivery driver changed... HOW WILL YOUU SORT THIS OUT PLEASE?!",,delivery_delay,classifier_fallback,"common,multi_intent,noisy",hard,False,,"Order or package has not arrived by the promised, guaranteed, or expected delivery date. Customer is reporting lateness, not a fully missing/lost package.",[label confirmed during manual primary-labeler review; row reconstructed 2026-09-14 after accidental build overwrite -- see scripts/restore_golden_csv_from_review.py],"@263280 Go ahead and review your delivery preferences using this reference: https://t.co/5CftRRBn6x Would love to work with you in real time by phone or chat, to see if the issue is with a specific co"
golden_119,AmazonHelp_447303,"@115830 Prime delivery, ordered 21st Nov. PAID FOR delivery today.  not even ""Out for delivery"" yet.  #DemandARefund",,return_or_replacement_request,manual_primary_labeler_review,"medium,multi_intent",hard,False,,"Customer received a wrong, damaged, defective, or counterfeit product and wants a return, replacement, or exchange (as opposed to simply wanting money back, though these can overlap).",[corrected to 'return_or_replacement_request' during manual primary-labeler review],"@220954 I'm so sorry about this, Ian! When you check the order, what is the latest status showing as? You can check here: https://t.co/aaDyEz1VgE ^JY"
golden_120,AmazonHelp_2896047,"Dear @AmazonHelp

If @132988 fails, yet again, to deliver a parcel on time can I have my annual Prime membership fee refunded.

It's getting beyond a joke now.",,prime_membership_issue,keyword_rule(2_hits),"common,multi_intent",hard,False,,"Question or complaint specifically about Prime membership itself -- signup, billing, benefits, or Prime's delivery-speed promise as a membership-value issue (distinct from a one-off delivery_delay).",[label confirmed during manual primary-labeler review; row reconstructed 2026-09-14 after accidental build overwrite -- see scripts/restore_golden_csv_from_review.py],"@270206 I see, you should have a response within 6 hours. ^BR"
golden_121,AmazonHelp_2822391,@115830 been charged £79 for prime been told I was still on the free trial looking for refund please,,app_or_device_technical_issue,classifier_fallback,"medium,multi_intent",hard,False,,"Technical bug or malfunction in an Amazon app, Kindle, Alexa/Echo, or Fire TV -- not an order/delivery issue at all.",[label confirmed during manual primary-labeler review; row reconstructed 2026-09-14 after accidental build overwrite -- see scripts/restore_golden_csv_from_review.py],@786523 I'm so sorry for the frustration with Prime! You can learn how to cancel your Prime membership here: https://t.co/7xLN70rlpf. ^DG
golden_122,AmazonHelp_471538,"Charged £79.00 for @115830 Prime account I don't have. Email from Amazon basically reads: ""We can confirm you do not have prime, however someone you may know has it, and paid for it with your card. But we can't tell you who it is to protect them."" I would like a refund please.",,delivery_delay,classifier_fallback,"common,multi_intent",hard,False,,"Order or package has not arrived by the promised, guaranteed, or expected delivery date. Customer is reporting lateness, not a fully missing/lost package.",[label confirmed during manual primary-labeler review; row reconstructed 2026-09-14 after accidental build overwrite -- see scripts/restore_golden_csv_from_review.py],"@227281 Apologies - Have you asked family members or friends to check their accounts? If the charges were not initiated by an authorised user, please contact your bank for assistance. We would suggest"
golden_123,AmazonHelp_2061538,@115850 no response being received for email to customer care through app. Done the below twice. No response https://t.co/QzlON9jrpK,,delivery_delay,manual_primary_labeler_review,"common,multi_intent",hard,False,,"Order or package has not arrived by the promised, guaranteed, or expected delivery date. Customer is reporting lateness, not a fully missing/lost package.",[corrected to 'delivery_delay' during manual primary-labeler review],@609698 I understand your concern. If you've contacted our support team via email you would've received a correspondence here: https://t.co/8DAc10S7ww from them. Please feel free to get back to us for
golden_124,AmazonHelp_565851,@AmazonHelp have to say I just had the worst customer service ever in all my time as a prime member. On chat and on phone. @115851,,return_or_replacement_request,manual_primary_labeler_review,"common,multi_intent",hard,False,,"Customer received a wrong, damaged, defective, or counterfeit product and wants a return, replacement, or exchange (as opposed to simply wanting money back, though these can overlap).",[corrected to 'return_or_replacement_request' during manual primary-labeler review],"@198490 I'm sorry for the poor experience you had when contacting us! That's not the experience we strive to provide! Without posting personal/account details, please tell us more about the issue your"
golden_125,AmazonHelp_2824034,"@115821 @115850 @AmazonHelp 
 I askd for the refund on 21-11-17 on Amazon app. I entered my bank details. I haven't received the refund till now. On Amazon support they are saying that i'll get a cheque. Why will I get cheque i entered the bank details. I want my refund today. https://t.co/KgrKE3rc6C",,account_access_issue,manual_primary_labeler_review,"medium,multi_intent",hard,True,High-risk intent (account_access_issue),"Customer is locked out of their account, believes it was hacked, or had account details (email, region) changed without their action. Security-sensitive.",[corrected to 'account_access_issue' during manual primary-labeler review],@786837 We appreciate your understanding with this. ^PJ
golden_126,AmazonHelp_2949502,Ever since @115821 decided to switch to their own drivers they’ve been delaying most of my packages. What’s the point of paying for Prime when they can’t meet the expected date??? https://t.co/zIwcO40AON,,delivery_delay,classifier_fallback,"common,noisy",medium,False,,"Order or package has not arrived by the promised, guaranteed, or expected delivery date. Customer is reporting lateness, not a fully missing/lost package.",[label confirmed during manual primary-labeler review; row reconstructed 2026-09-14 after accidental build overwrite -- see scripts/restore_golden_csv_from_review.py],"@814550 Hi there, I'm sorry to hear you're having trouble with your delivery. Is there a recent order you are waiting on? 

-RD"
golden_127,AmazonHelp_485276,@115830 Hi I need to return something that has been received but not marked as delivered in my account!! What do I do?,,customer_service_complaint,classifier_fallback,"common,noisy",medium,True,High-risk intent (customer_service_complaint),"General dissatisfaction or venting about support quality itself (""worst customer service"", ""pathetic"") without a distinct, actionable request beyond ""fix this."" High escalation risk because there is often no single retrievable resolution -- the underlying issue is usually one of the other intents, expressed as a complaint about *how* it was (mis)handled.",[label confirmed during manual primary-labeler review; row reconstructed 2026-09-14 after accidental build overwrite -- see scripts/restore_golden_csv_from_review.py],@124388 Thanks for reaching out to us about this! We'd like to help arrange a return here: https://t.co/JzP7hlA23B ^RA
golden_128,AmazonHelp_2292202,"So @115821 had my shit delivered AGAIN TODAY by @118706. As I was cooking we heard a loud thump, the USPS asshole THREW JUAN'S COMPUTER EQUIPMENT AT THE DOOR, AND WALKED AWAY. I heard the thump of it over a TV and Brayden watching YouTube videos. I HATE YOU @123967.",,customer_service_complaint,classifier_fallback,"common,noisy,ood,high_risk",hard,True,High-risk intent (customer_service_complaint),"General dissatisfaction or venting about support quality itself (""worst customer service"", ""pathetic"") without a distinct, actionable request beyond ""fix this."" High escalation risk because there is often no single retrievable resolution -- the underlying issue is usually one of the other intents, expressed as a complaint about *how* it was (mis)handled.",[label confirmed during manual primary-labeler review; row reconstructed 2026-09-14 after accidental build overwrite -- see scripts/restore_golden_csv_from_review.py],"@__C_A_R_T_E_R__ Oh no! Have you had a chance to check if anything was damaged? We'd also like to submit carrier feedback on your behalf, if you'll please send us a message here: https://t.co/hApLpMlf"
golden_129,AmazonHelp_531612,When your amazon prime package was to be delivered yesterday and tracking says they don't know when now???  Really???,,delivery_delay,manual_primary_labeler_review,"medium,noisy",medium,False,,"Order or package has not arrived by the promised, guaranteed, or expected delivery date. Customer is reporting lateness, not a fully missing/lost package.",[corrected to 'delivery_delay' during manual primary-labeler review],@243149 I am sorry to hear about the delay Shannon. Were you given a new delivery window or reason for the delay?^SM
golden_130,AmazonHelp_462520,@AmazonHelp my item was broken when I received it yesterday! States no refunds? Why? Should I dispute the charge?,,general_other,classifier_fallback,"medium,noisy,ood,high_risk",hard,True,High-risk intent (general_other),"Does not clearly fit another category -- includes promotional/ off-topic mentions, ambiguous one-line messages, multi-topic messages, and messages that need more context than the root message alone provides. This is the deliberate ""I'm not sure"" bucket rather than forcing a low-confidence fit into another intent; it should route toward escalation/abstention, not toward a guessed intent.",[label confirmed during manual primary-labeler review; row reconstructed 2026-09-14 after accidental build overwrite -- see scripts/restore_golden_csv_from_review.py],"@224921 Oh no! That normally isn't how the process goes, Paul. We'd like to assist in any way we can! Can you let us know who sold and shipped the item that arrived broken? You can find that informati"
golden_131,AmazonHelp_504888,I don't know what is going on with @115821 but why have they lost the ability to properly pack a box?  Ever heard of making sure you properly size the package?  C'mon!!!!!!!  #stupid,,customer_service_complaint,manual_primary_labeler_review,"medium,noisy",medium,True,High-risk intent (customer_service_complaint),"General dissatisfaction or venting about support quality itself (""worst customer service"", ""pathetic"") without a distinct, actionable request beyond ""fix this."" High escalation risk because there is often no single retrievable resolution -- the underlying issue is usually one of the other intents, expressed as a complaint about *how* it was (mis)handled.",[corrected to 'customer_service_complaint' during manual primary-labeler review],@235755 We're always looking to make improvements. Please leave us packaging feedback here: https://t.co/gxGZgmatMx ^VS
golden_132,AmazonHelp_2906696,@AmazonHelp Do I have pay for postage to return an item for replacement when you have sent the wrong item???,,return_or_replacement_request,keyword_rule(2_hits),"medium,noisy,ood,high_risk",hard,True,Out-of-distribution / low retrieval confidence,"Customer received a wrong, damaged, defective, or counterfeit product and wants a return, replacement, or exchange (as opposed to simply wanting money back, though these can overlap).",[label confirmed during manual primary-labeler review; row reconstructed 2026-09-14 after accidental build overwrite -- see scripts/restore_golden_csv_from_review.py],@438390 Hi there! Take a look here for more information on Free Returns: https://t.co/4vEdJJEDW2 I hope this helps! Let us know if you need any further assisatnce. ^SM
golden_133,AmazonHelp_483805,@AmazonHelp How do I talk to someone who speaks English? My delayed item arrived USED and previously OPENED!,,general_other,classifier_fallback,"medium,noisy,ood,high_risk",hard,True,High-risk intent (general_other),"Does not clearly fit another category -- includes promotional/ off-topic mentions, ambiguous one-line messages, multi-topic messages, and messages that need more context than the root message alone provides. This is the deliberate ""I'm not sure"" bucket rather than forcing a low-confidence fit into another intent; it should route toward escalation/abstention, not toward a guessed intent.",[label confirmed during manual primary-labeler review; row reconstructed 2026-09-14 after accidental build overwrite -- see scripts/restore_golden_csv_from_review.py],"@222567 I am sorry to hear that, James. Did you get through to the US customer service team?^SM"
golden_134,AmazonHelp_2894679,"@115821 @115830 is a joke! I have cancelled an order (that I diddnt even buy) I was assured a refund, I haven’t got my refund or the delivery that cost 40 pound are you having a laugh! You’ve literally just taken 40 pound out my wallet and given nothing back! Useless",,customer_service_complaint,manual_primary_labeler_review,"medium,noisy",medium,True,High-risk intent (customer_service_complaint),"General dissatisfaction or venting about support quality itself (""worst customer service"", ""pathetic"") without a distinct, actionable request beyond ""fix this."" High escalation risk because there is often no single retrievable resolution -- the underlying issue is usually one of the other intents, expressed as a complaint about *how* it was (mis)handled.",[corrected to 'customer_service_complaint' during manual primary-labeler review],"@802208 I'm sorry to hear you've had a negative experience. Without revealing any personal information, can you tell me a bit more about what happened?^TI"
golden_135,AmazonHelp_2971900,@115821 Hey so my package didnt arrive and Im traveling tomorrow. I paid extra $$$  for  you to deliver.....what do we https://t.co/bDCdv8kwyP???,,general_other,manual_primary_labeler_review,"medium,noisy",medium,True,High-risk intent (general_other),"Does not clearly fit another category -- includes promotional/ off-topic mentions, ambiguous one-line messages, multi-topic messages, and messages that need more context than the root message alone provides. This is the deliberate ""I'm not sure"" bucket rather than forcing a low-confidence fit into another intent; it should route toward escalation/abstention, not toward a guessed intent.",[corrected to 'general_other' during manual primary-labeler review],@804707 Hello Jorge! Since this is a time sensitive issue I would recommend contact us via phone or chat here: https://t.co/hApLpMlfHN Let us know if you need anything else! ^LS
golden_136,AmazonHelp_2829471,@115830 What exactly am I paying £79 per yr for with Prime. Placed an order today for a Prime item and estimated delivery is 5th December !! - in what way does that constitute free next day delivery?  #AmazonPrime #customerservicefail,,return_or_replacement_request,classifier_fallback,"common,noisy",medium,False,,"Customer received a wrong, damaged, defective, or counterfeit product and wants a return, replacement, or exchange (as opposed to simply wanting money back, though these can overlap).",[label confirmed during manual primary-labeler review; row reconstructed 2026-09-14 after accidental build overwrite -- see scripts/restore_golden_csv_from_review.py],@787937 Would you be able to tell us if the item is sold directly by Amazon or the seller? If you check your confirmation email does it say it was ordered with Prime (you'll see that in the left top c
golden_137,AmazonHelp_2923476,".@115821 unacceptable that a package I have been waiting a week for, that was to be delivered today is mysteriously delayed until Thursday. Do better. Don’t use unreliable delivery services. I NEED my order. You should use UPS, FEDEX and USPS only during busy seasons. 😡",,return_or_replacement_request,manual_primary_labeler_review,"medium,ambiguous,noisy",hard,True,Ambiguous intent (classifier margin < 0.15),"Customer received a wrong, damaged, defective, or counterfeit product and wants a return, replacement, or exchange (as opposed to simply wanting money back, though these can overlap).",[corrected to 'return_or_replacement_request' during manual primary-labeler review],"@219111 I'm sorry for the delay, Eric. When you have a moment, would you tell us who the carrier is assigned to your package? You'll be able to view that here: https://t.co/Y5jpI9gRhE We'd like to hel"
golden_138,AmazonHelp_86265,"Why is it @115821 that whenever we call for a simple, simple question your Seller Support agents don't know the answer? Why? #WTF is wrong with you guys? How you are a billion dollar company is beyond me. Bunch of fucking idiots work in customer service.",,delivery_not_received,classifier_fallback,"common,noisy",medium,False,,"Tracking/carrier shows the package as delivered (or a delivery attempt was made), but the customer says they did not actually receive it -- distinct from delivery_delay because there is no further ""in transit"" status to check; this typically requires an investigation/claim rather than just waiting.",[label confirmed during manual primary-labeler review; row reconstructed 2026-09-14 after accidental build overwrite -- see scripts/restore_golden_csv_from_review.py],"@134835 Oh no! We certainly don't want you having a poor experience. We'd love to assist you. Without providing any account information, could you explain what happened? ^GP"
golden_139,AmazonHelp_535717,"@AmazonHelp Ordered Forza 7 on the Black Friday deal, £20. Sold out with a estimated delivery date of JANUARY. However, if I cancel, reorder and pay £40 and get it delivered TOMORROW . How is that fair???",,app_or_device_technical_issue,manual_primary_labeler_review,"medium,noisy",medium,False,,"Technical bug or malfunction in an Amazon app, Kindle, Alexa/Echo, or Fire TV -- not an order/delivery issue at all.",[corrected to 'app_or_device_technical_issue' during manual primary-labeler review],"@244113 The stock in the image you provided is that of a seller named ""Level99Games"", their stock is sold separately to that of our own and was not included in the sale. ^KI"
golden_140,AmazonHelp_493418,"@115830 4 days of supposed ""attempted deliveries"" really????
Ur driver is having every1 on. What's the point of being a prime cust? #wrong",,delivery_delay,classifier_fallback,"common,noisy",medium,False,,"Order or package has not arrived by the promised, guaranteed, or expected delivery date. Customer is reporting lateness, not a fully missing/lost package.",[label confirmed during manual primary-labeler review; row reconstructed 2026-09-14 after accidental build overwrite -- see scripts/restore_golden_csv_from_review.py],@232629 That is odd! I am unable to view the order details via Twitter. You can contact an agent in real time by phone or chat from here:  https://t.co/JzP7hlA23B ^CH
golden_141,AmazonHelp_2894669,"@115830 attempted delivery 😡 we are in a brightly lit office, still blatantly open and no attempt has been made to deliver, no phone call, nothing. We constantly get amazon deliveries. So annoyed it did not come today when I am still here waiting for it!!!!",,return_or_replacement_request,classifier_fallback,"common,noisy",medium,False,,"Customer received a wrong, damaged, defective, or counterfeit product and wants a return, replacement, or exchange (as opposed to simply wanting money back, though these can overlap).",[label confirmed during manual primary-labeler review; row reconstructed 2026-09-14 after accidental build overwrite -- see scripts/restore_golden_csv_from_review.py],"@792629 I am sorry to hear this, Liss. Was there a reason given for the missed delivery?What is the current status on the tracking?^SM"
golden_142,AmazonHelp_580617,"@AmazonHelp 5 times your logistics co has said they have tried to deliver - 3 times spoken to yr Cust Servs, polite but POWERLESS - NOTHING - we are here all day - NO DELIVERY. WHY CANT YOU SORT THIS OUT????? Multiple orders NO DELIVERIES - AWFUL SERVICE",,payment_or_billing_issue,manual_primary_labeler_review,"common,noisy,ood",hard,True,High-risk intent (payment_or_billing_issue),"Problem with a charge, payment method, or Amazon Pay balance -- being charged multiple times, payment declined, incorrect amount charged. Financial-action intent, account-specific verification usually required.",[corrected to 'payment_or_billing_issue' during manual primary-labeler review],"@256782 Hi, really sorry you've had a bad experience. What were you advised when you contacted us? ^JC."
golden_143,AmazonHelp_547973,Getting really fed up with ordering things on @115830 Prime and them not being delivered when they're supposed to be!!!,,delivery_not_received,manual_primary_labeler_review,"common,noisy,high_risk",medium,False,,"Tracking/carrier shows the package as delivered (or a delivery attempt was made), but the customer says they did not actually receive it -- distinct from delivery_delay because there is no further ""in transit"" status to check; this typically requires an investigation/claim rather than just waiting.",[corrected to 'delivery_not_received' during manual primary-labeler review],@247496 I'm sorry for the issue you've had with your orders. Have they missed the delivery estimate given at Checkout: https://t.co/aaDyEz1VgE ^DO
golden_144,AmazonHelp_513493,Worst customer experience ever! Been told every day for last 4 days that my parcel will arrive tomorrow but nothing! Where is the customer obsession? @AmazonHelp,,delivery_not_received,classifier_fallback,"common,noisy",medium,False,,"Tracking/carrier shows the package as delivered (or a delivery attempt was made), but the customer says they did not actually receive it -- distinct from delivery_delay because there is no further ""in transit"" status to check; this typically requires an investigation/claim rather than just waiting.",[corrected to 'delivery_not_received' during manual primary-labeler review],@238176 The link that was provided you above will get you in touch with a member of our team that will look into this with you. Have you had a chance to reply? ^DJ
golden_145,AmazonHelp_580543,@115830 WHY am I paying for PRIME and items clearly state PRIME and then am emailed to say expected BETWEEN the 3rd &amp; 5th DEC? What exactly am I paying for if not next day delivery??? Please explain.,,return_or_replacement_request,classifier_fallback,"common,ambiguous,noisy",hard,True,Ambiguous intent (classifier margin < 0.15),"Customer received a wrong, damaged, defective, or counterfeit product and wants a return, replacement, or exchange (as opposed to simply wanting money back, though these can overlap).",[label confirmed during manual primary-labeler review; row reconstructed 2026-09-14 after accidental build overwrite -- see scripts/restore_golden_csv_from_review.py],"@256771 Hi, sorry to hear that. What delivery date was stated in the order confirmation email? ^JJ"
golden_146,AmazonHelp_481555,@AmazonHelp  I need help! My friend @229464 had his package stolen from his porch the other day it got delivered! Can we help him out with his options as far as what you guys can help with? Thank you!,,content_availability_inquiry,classifier_fallback,"medium,noisy",medium,False,,"Question about whether specific content (a show, movie, season, or book) is available, in what region, or when it will be released -- a Prime Video / Kindle catalog question, not a technical bug report.",[label confirmed during manual primary-labeler review; row reconstructed 2026-09-14 after accidental build overwrite -- see scripts/restore_golden_csv_from_review.py],@229463 Thanks for reaching out! That's really awesome of you! We can definitely help your friend with this! Let them know they can reach out to us any time by visiting us here: https://t.co/hApLpMlfH
golden_147,AmazonHelp_2964029,@115830 saying you've attempted a delivery!! When actually you over ran your deliveries for the day!! The cameras dont lie but you clearly do!!,,return_or_replacement_request,classifier_fallback,"common,noisy,ood",hard,True,Out-of-distribution / low retrieval confidence,"Customer received a wrong, damaged, defective, or counterfeit product and wants a return, replacement, or exchange (as opposed to simply wanting money back, though these can overlap).",[label confirmed during manual primary-labeler review; row reconstructed 2026-09-14 after accidental build overwrite -- see scripts/restore_golden_csv_from_review.py],@817828 I'd like a member of our team to take a better look at this with you. Please provide detailed information to us here: https://t.co/Fs1fYPy7UQ ^KP
golden_148,AmazonHelp_1443110,"AMAZON ORDER UPDATE: 

First, they said my package would be delayed but I was still getting it today. Now it's says I'll get it between November 26th and November 30th. So, what is the point of even paying for Prime to get free 2 day shipping if THIS is the end result?! https://t.co/qfv0boWnx7",,payment_or_billing_issue,manual_primary_labeler_review,"common,noisy",medium,True,High-risk intent (payment_or_billing_issue),"Problem with a charge, payment method, or Amazon Pay balance -- being charged multiple times, payment declined, incorrect amount charged. Financial-action intent, account-specific verification usually required.",[corrected to 'payment_or_billing_issue' during manual primary-labeler review],@454853 Who is the carrier of your order? Please check here:  https://t.co/f9YYFon35b ^BE
golden_149,AmazonHelp_2886622,"@115830 little bit confused to what’s going on with my order, as it’s says you have recieved it on 20th Nov however it’s not been dispatched yet but I can order it again and have it delivered tomorrow? What’s going on??",,cancellation_or_refund_request,manual_primary_labeler_review,"common,noisy,high_risk",medium,True,High-risk intent (cancellation_or_refund_request),"Customer explicitly wants to cancel an order, or is requesting or following up on a refund (including refund amount/timeline disputes). Financial-action intent.",[corrected to 'cancellation_or_refund_request' during manual primary-labeler review],"@300634 Sorry to hear that, Kevin. We don't have access to your account over Twitter, if you reach out to us via: https://t.co/JzP7hlA23B we'll take a look in to this for you.^TI"
golden_150,AmazonHelp_98699,So...from what I gather... if we use @115821 prime's next day service in Toronto and they don't have any drivers available they just cancel your order. They make no attempt to deliver? Seriously?!?! What is happening to this company!,,delivery_delay,classifier_fallback,"common,ambiguous,noisy",hard,True,Ambiguous intent (classifier margin < 0.15),"Order or package has not arrived by the promised, guaranteed, or expected delivery date. Customer is reporting lateness, not a fully missing/lost package.",[label confirmed during manual primary-labeler review; row reconstructed 2026-09-14 after accidental build overwrite -- see scripts/restore_golden_csv_from_review.py],"@137602 I'd like a specialist to look into this with you, Gigi. When you have a moment, drop your details here: https://t.co/dX84huFCDX. We'll follow up shortly after. ^BL"
golden_151,AmazonHelp_476062,@115850 promised to deliver by today morning 11am but yet not delivered. Missed my train because of such improper service by you. https://t.co/SF7n1OpO4A,,customer_service_complaint,classifier_fallback,"common,ood,high_risk",hard,True,High-risk intent (customer_service_complaint),"General dissatisfaction or venting about support quality itself (""worst customer service"", ""pathetic"") without a distinct, actionable request beyond ""fix this."" High escalation risk because there is often no single retrievable resolution -- the underlying issue is usually one of the other intents, expressed as a complaint about *how* it was (mis)handled.",[label confirmed during manual primary-labeler review; row reconstructed 2026-09-14 after accidental build overwrite -- see scripts/restore_golden_csv_from_review.py],@228166 Apologies for the trouble with the delivery. May I know if we happened to miss the estimated delivery date mentioned here: https://t.co/uwYQF6fVr3? ^EM
golden_152,AmazonHelp_2292199,"@AmazonHelp I made an order on Wednesday and selected one day shipping at checkout, and I did not receive the item on Thursday or Friday. I talked to a representative on Friday, and they said that my order would receive priority shipping, yet I still have not received my item.",,general_other,classifier_fallback,"medium,ood,high_risk",hard,True,High-risk intent (general_other),"Does not clearly fit another category -- includes promotional/ off-topic mentions, ambiguous one-line messages, multi-topic messages, and messages that need more context than the root message alone provides. This is the deliberate ""I'm not sure"" bucket rather than forcing a low-confidence fit into another intent; it should route toward escalation/abstention, not toward a guessed intent.",[label confirmed during manual primary-labeler review; row reconstructed 2026-09-14 after accidental build overwrite -- see scripts/restore_golden_csv_from_review.py],@154657 I'm sorry but we can't access your order details via social media! Please give us another chance to review available options with you over phone or chat here: https://t.co/Q7Ftz6nj80 ^CS
golden_153,AmazonHelp_2858074,@115850 @AmazonHelp I didn't know that ordering car speakers from u would be a night mare for me..they didn't deliver the item but I received a delivery confirmation msg..had to go to ware house to confirm the same..the item was right infront but they denied to hand over..,,customer_service_complaint,manual_primary_labeler_review,"medium,ood,high_risk",hard,True,High-risk intent (customer_service_complaint),"General dissatisfaction or venting about support quality itself (""worst customer service"", ""pathetic"") without a distinct, actionable request beyond ""fix this."" High escalation risk because there is often no single retrievable resolution -- the underlying issue is usually one of the other intents, expressed as a complaint about *how* it was (mis)handled.",[corrected to 'customer_service_complaint' during manual primary-labeler review],"@794301 I'm sorry for the poor experience you have had with this order delivery, not all courier facilities accept collection of shipments at their warehouse, call us here: https://t.co/vlvfJr4nN9 &am"
golden_154,AmazonHelp_2722150,@AmazonHelp both my roommate and I ordered Prime and Prime Now packages and both were delivered to a wrong address across town! ☹️ Already contacted support but not much help. Is there a way to better provide delivery directions?,,app_or_device_technical_issue,manual_primary_labeler_review,"common,ambiguous,ood",hard,True,Out-of-distribution / low retrieval confidence,"Technical bug or malfunction in an Amazon app, Kindle, Alexa/Echo, or Fire TV -- not an order/delivery issue at all.",[corrected to 'app_or_device_technical_issue' during manual primary-labeler review],"@763717 Does the address on your account match your USPS address? If there is a direction missing, (N, E, S, W) it might be delivered to the wrong part of town. Please keep us posted on the options yo"
golden_155,AmazonHelp_595720,"Just got an email asking me for feedback on the stuff I ordered from @116090 last week.  They really didn't have an option for ""I don't know because Amazon f***ed up my 'guaranteed 2-day delivery' and I'm still waiting for it five days later"".  cc: @AmazonHelp  #NotImpressed",,return_or_replacement_request,classifier_fallback,"common,ood",hard,True,Out-of-distribution / low retrieval confidence,"Customer received a wrong, damaged, defective, or counterfeit product and wants a return, replacement, or exchange (as opposed to simply wanting money back, though these can overlap).",[label confirmed during manual primary-labeler review; row reconstructed 2026-09-14 after accidental build overwrite -- see scripts/restore_golden_csv_from_review.py],@231096 I'm sorry for the wait! This isn't the kind of experience we want you to have! What's the current status of your order here: https://t.co/PyACxvY8Qo? ^WT
golden_156,AmazonHelp_467375,"@115821 Is there a way to get in touch with a rep for our local distribution center? My past 3 shipments have been poorly packaged, with 2 of the 3 damaged. Support reps have been able to refund/compensate case by case, but I really just want my stuff to arrive intact.",,content_availability_inquiry,manual_primary_labeler_review,"medium,multi_intent,ood",hard,True,Out-of-distribution / low retrieval confidence,"Question about whether specific content (a show, movie, season, or book) is available, in what region, or when it will be released -- a Prime Video / Kindle catalog question, not a technical bug report.",[corrected to 'content_availability_inquiry' during manual primary-labeler review],"@185625 I can understand your frustration and concern. I'd like to have a member of our team take a closer look into this. When you have a moment, please relay order details to us via the following li"
golden_157,AmazonHelp_2507117,"Dear @115850 either you are sending me my order or you aren't. But please be clear about it. App says its on way while @AmazonHelp says it's not. On d top of it your representative is saying that I should ""accept"" the fact that my @132995 5T isn't coming! https://t.co/5tnEXDaAUC",,delivery_delay,classifier_fallback,"common,ood",hard,True,Out-of-distribution / low retrieval confidence,"Order or package has not arrived by the promised, guaranteed, or expected delivery date. Customer is reporting lateness, not a fully missing/lost package.",[label confirmed during manual primary-labeler review; row reconstructed 2026-09-14 after accidental build overwrite -- see scripts/restore_golden_csv_from_review.py],@714816 We're sorry to hear about the trouble with your order. Kindly reply to the correspondence which you have received from us and we will assist you further. ^SM
golden_158,AmazonHelp_575318,@115821 @115850 @1840 @115851 @2517 @120320 @118341 @132458 @7291 @25348 This is the amazon services they will make a daily new excause and daily they raise a new complain...how can i trust on them tell me anyone........please close amazon in India https://t.co/U3hxViLIFS,,delivery_delay,classifier_fallback,"common,ood",hard,True,Out-of-distribution / low retrieval confidence,"Order or package has not arrived by the promised, guaranteed, or expected delivery date. Customer is reporting lateness, not a fully missing/lost package.",[label confirmed during manual primary-labeler review; row reconstructed 2026-09-14 after accidental build overwrite -- see scripts/restore_golden_csv_from_review.py],@231112 Please reply to the correspondence from our specialist team with more insight on this so that they can reach out to you accordingly. ^VN
golden_159,AmazonHelp_575948,"I am really dissatisfied with Amazon for having given me a refurbished model of Note 8 twice, even the replacement issued was refurbished.  I really hate to say that being an Amazon prime customer, hasn't paid back off much.
ORDER1 # 114-1472962-1281006 @AmazonHelp",,general_other,manual_primary_labeler_review,"common,ood",hard,True,High-risk intent (general_other),"Does not clearly fit another category -- includes promotional/ off-topic mentions, ambiguous one-line messages, multi-topic messages, and messages that need more context than the root message alone provides. This is the deliberate ""I'm not sure"" bucket rather than forcing a low-confidence fit into another intent; it should route toward escalation/abstention, not toward a guessed intent.",[corrected to 'general_other' during manual primary-labeler review],"@255520 Could you please contact us so that we can look into this further for you, Sukrut? You can reach us here: https://t.co/CYqkdUakWJ. ^PJ"
golden_160,AmazonHelp_2345607,@115821 not a good time of year to ship packages with a picture of the item on the outside of the box 🤦🏻‍♂️,,general_other,classifier_fallback,"medium,ood,high_risk",hard,True,High-risk intent (general_other),"Does not clearly fit another category -- includes promotional/ off-topic mentions, ambiguous one-line messages, multi-topic messages, and messages that need more context than the root message alone provides. This is the deliberate ""I'm not sure"" bucket rather than forcing a low-confidence fit into another intent; it should route toward escalation/abstention, not toward a guessed intent.",[label confirmed during manual primary-labeler review; row reconstructed 2026-09-14 after accidental build overwrite -- see scripts/restore_golden_csv_from_review.py],@678262 Oh no! So sorry for this! You can provide packaging feedback here: https://t.co/NmArAhsPVj ^AD
golden_161,AmazonHelp_519816,@AmazonHelp why are my orders saying out for delivery and then getting delayed to another day?  Maybe you should leave the deliveries to the companies that do it well.,,delivery_not_received,manual_primary_labeler_review,"common,ambiguous,ood",hard,True,Out-of-distribution / low retrieval confidence,"Tracking/carrier shows the package as delivered (or a delivery attempt was made), but the customer says they did not actually receive it -- distinct from delivery_delay because there is no further ""in transit"" status to check; this typically requires an investigation/claim rather than just waiting.",[corrected to 'delivery_not_received' during manual primary-labeler review],"@239961 This sounds like something that definitely needs to be addressed. What specific carrier was assigned this order, find out in the order details as seen here:  https://t.co/Y5jpI9ys9c ^CH"
golden_162,AmazonHelp_2881963,@115830 By mistake I ordered a kindle copy of a book I had written to check the price. Amazon tried to use an old card to pay for it.I am stuck going round in circles as there is NO CUSTOMER SERVICE!!,,delivery_not_received,classifier_fallback,"common,noisy,ood",hard,True,Out-of-distribution / low retrieval confidence,"Tracking/carrier shows the package as delivered (or a delivery attempt was made), but the customer says they did not actually receive it -- distinct from delivery_delay because there is no further ""in transit"" status to check; this typically requires an investigation/claim rather than just waiting.",[label confirmed during manual primary-labeler review; row reconstructed 2026-09-14 after accidental build overwrite -- see scripts/restore_golden_csv_from_review.py],@799644 Sorry to hear this. Is there an option to cancel it? Is it here: https://t.co/aaDyEz1VgE.^PK
golden_163,AmazonHelp_2946888,@115821 hey Amazon! An item I purchased is supposed to arrive tomorrow but hasn't shipped yet. Customer Service chat is giving me the runaround and hasn't even displayed sympathy or apologized. What gives with that?,,app_or_device_technical_issue,manual_primary_labeler_review,"common,ambiguous,ood",hard,True,Out-of-distribution / low retrieval confidence,"Technical bug or malfunction in an Amazon app, Kindle, Alexa/Echo, or Fire TV -- not an order/delivery issue at all.",[corrected to 'app_or_device_technical_issue' during manual primary-labeler review],@813934 Have you received any insight on the order when speaking to customer service? Any options provided? We're here to help! ^MH
golden_164,AmazonHelp_1490373,@AmazonHelp can u help this keeps popping up every time i want to buy my friend something from their wishlist and it’s done this to EVERY item in the wishlist https://t.co/JrrX9IY0k3,,general_other,classifier_fallback,"medium,ood,high_risk",hard,True,High-risk intent (general_other),"Does not clearly fit another category -- includes promotional/ off-topic mentions, ambiguous one-line messages, multi-topic messages, and messages that need more context than the root message alone provides. This is the deliberate ""I'm not sure"" bucket rather than forcing a low-confidence fit into another intent; it should route toward escalation/abstention, not toward a guessed intent.",[label confirmed during manual primary-labeler review; row reconstructed 2026-09-14 after accidental build overwrite -- see scripts/restore_golden_csv_from_review.py],@454812 Please reach out to us here https://t.co/hApLpMlfHN so we can look specifically at your account and look deeper into what the problem might be.  Thank you! ^WB
golden_165,AmazonHelp_2926323,Idk what’s going on with @115821 but this is the second time in a month they’ve sent me the wrong item 😒,,return_or_replacement_request,manual_primary_labeler_review,"medium,ood,high_risk",hard,True,Out-of-distribution / low retrieval confidence,"Customer received a wrong, damaged, defective, or counterfeit product and wants a return, replacement, or exchange (as opposed to simply wanting money back, though these can overlap).",[corrected to 'return_or_replacement_request' during manual primary-labeler review],@809664 I am sorry that you are having to wait for the correct item to be sent. I am happy that we are able to get a replacement sent to you however. Please let us know if you need further assistance.
golden_166,AmazonHelp_80643,"@115830 @115821 Ordered Clinique happy aftershave on Friday 24th of November, yesterday I checked to see when it would be delivered, stated Thursday (today). I checked again this morning and it now says payment declined, this is NOT the case! Cust service is a joke!",,customer_service_complaint,classifier_fallback,"common,multi_intent,ood,high_risk",hard,True,High-risk intent (customer_service_complaint),"General dissatisfaction or venting about support quality itself (""worst customer service"", ""pathetic"") without a distinct, actionable request beyond ""fix this."" High escalation risk because there is often no single retrievable resolution -- the underlying issue is usually one of the other intents, expressed as a complaint about *how* it was (mis)handled.",[label confirmed during manual primary-labeler review; row reconstructed 2026-09-14 after accidental build overwrite -- see scripts/restore_golden_csv_from_review.py],"@133892 Truly sorry for any inconvenience caused, Kelsey! With Twitter, we have no access to account or order information but we're here to help! Have you contacted your bank or financial institution "
golden_167,AmazonHelp_1890591,"Yo, I wanted to check the price of an item since it was like bugged in sales screen, so I continued until the last page and accidentally clicked checkout with an unvalid card. I'm getting mails about giving info about a card thats no longer valid(also it was virtual)@AmazonHelp",,account_access_issue,manual_primary_labeler_review,"medium,ood,high_risk",hard,True,High-risk intent (account_access_issue),"Customer is locked out of their account, believes it was hacked, or had account details (email, region) changed without their action. Security-sensitive.",[corrected to 'account_access_issue' during manual primary-labeler review],"@563805 Please use skip sign in option, on the link previously provided. ^TP"
golden_168,AmazonHelp_1791177,can bath and body works come to india we have only the most generic candle scents available here it sucks,,delivery_delay,classifier_fallback,"common,ood",hard,True,Out-of-distribution / low retrieval confidence,"Order or package has not arrived by the promised, guaranteed, or expected delivery date. Customer is reporting lateness, not a fully missing/lost package.",[label confirmed during manual primary-labeler review; row reconstructed 2026-09-14 after accidental build overwrite -- see scripts/restore_golden_csv_from_review.py],"@538036 I understand your concern regarding the price of the product. However, pricing and offers are the decisions of the sellers. The constantly changing marketplace and our efforts to offer you the"
golden_169,AmazonHelp_2884134,"I am not getting what you have done and how I will get my refund today in my bank account. I have 2 messages from your end both says different story. @115821 @115850 @AmazonHelp

That means I will only need to wait for today? https://t.co/Xto0qhF2t1",,app_or_device_technical_issue,classifier_fallback,"medium,ood",hard,True,Out-of-distribution / low retrieval confidence,"Technical bug or malfunction in an Amazon app, Kindle, Alexa/Echo, or Fire TV -- not an order/delivery issue at all.",[corrected to 'app_or_device_technical_issue' during manual primary-labeler review],@786837 We definitely didn't intend you to go through this. We are working on it and will resolve the issue at the earliest. We value your time. ^CB
golden_170,AmazonHelp_2981580,"Preordered a book for my stepson on @115821 and forgot to change the address when I moved. So of course it got delivered to my old house. 

They just shipped me a replacement product (my fault) for free. How awesome is Amazon’s Customer Service?",,delivery_delay,manual_primary_labeler_review,"common,ood",hard,True,Out-of-distribution / low retrieval confidence,"Order or package has not arrived by the promised, guaranteed, or expected delivery date. Customer is reporting lateness, not a fully missing/lost package.",[corrected to 'delivery_delay' during manual primary-labeler review],@822350 I'm glad everything worked out! Please be sure to leave feedback by visiting the email you received after contacting us. ^LA
golden_171,AmazonHelp_568379,@115850 hi guys - have an urgent query regarding delivery of an item. How do I connect with someone at amazon and speak to them? Thank you,,customer_service_complaint,manual_primary_labeler_review,"medium,ood,high_risk",hard,True,High-risk intent (customer_service_complaint),"General dissatisfaction or venting about support quality itself (""worst customer service"", ""pathetic"") without a distinct, actionable request beyond ""fix this."" High escalation risk because there is often no single retrievable resolution -- the underlying issue is usually one of the other intents, expressed as a complaint about *how* it was (mis)handled.",[corrected to 'customer_service_complaint' during manual primary-labeler review],"@158456 You can connect with our support team via chat, call or email here: https://t.co/vlvfJr4nN9 ^NR"
golden_172,AmazonHelp_493473,@AmazonHelp So apparently the 2 day Prime delivery goes out tge window this time of year? Amazon rep giving me all kinds of assurances that my orders that have yet to ship will arrive tomorrow. A day late.,,return_or_replacement_request,classifier_fallback,"common,multi_intent,ood",hard,True,Out-of-distribution / low retrieval confidence,"Customer received a wrong, damaged, defective, or counterfeit product and wants a return, replacement, or exchange (as opposed to simply wanting money back, though these can overlap).",[label confirmed during manual primary-labeler review; row reconstructed 2026-09-14 after accidental build overwrite -- see scripts/restore_golden_csv_from_review.py],@225616 What's the most recent tracking update listed here: https://t.co/fHfRKQyLxW? Please let us know if you don't receive it by Monday. ^KB
golden_173,AmazonHelp_69699,"@AmazonHelp ALREADY REPLIED ON MAIL. WHY DID YOU GUYS NOT UPDATE? HAVE BEEN WAITING FOR MY MONEY FOR 15 DAYS. IF THIS IS NOT RESOLVED BY TOMORROW, I WILL GO LEGAL AND START WITH AN FIR AGAINST SENIOR MANAGEMENT. @115850 @115851 #AmazonFails #AmazonFraud #AmazonPay #AmazonPayQuiz",,delivery_not_received,manual_primary_labeler_review,"rare,noisy,ood",hard,True,Out-of-distribution / low retrieval confidence,"Tracking/carrier shows the package as delivered (or a delivery attempt was made), but the customer says they did not actually receive it -- distinct from delivery_delay because there is no further ""in transit"" status to check; this typically requires an investigation/claim rather than just waiting.",[corrected to 'delivery_not_received' during manual primary-labeler review],"@130696 I understand your concern regarding an order. Since we received your details, we will get back with an update shortly. Appreciate your cooperation. ^BS"
golden_174,AmazonHelp_2834172,"@115821 why you force prime membership on users? Today my card was charge for 10.90 USD, if no cc alerts set it would hv silently went under carpet. This is second time it's happened.",,prime_membership_issue,keyword_rule(2_hits),"common,multi_intent,ood",hard,True,Out-of-distribution / low retrieval confidence,"Question or complaint specifically about Prime membership itself -- signup, billing, benefits, or Prime's delivery-speed promise as a membership-value issue (distinct from a one-off delivery_delay).",[label confirmed during manual primary-labeler review; row reconstructed 2026-09-14 after accidental build overwrite -- see scripts/restore_golden_csv_from_review.py],"@788962 I'm sorry for the unexpected charge! Do you see the Amazon Prime Membership here: https://t.co/9fZycb5ZpN? If so, you can cancel at the link I've provided. ^AB"
golden_175,AmazonHelp_2881330,"@AmazonHelp picked up an order from amazon locker this morning, box was already open and one item missing..who do i contact to receive my item, it is urgent!",,delivery_not_received,manual_primary_labeler_review,"medium,ood,high_risk",hard,True,Out-of-distribution / low retrieval confidence,"Tracking/carrier shows the package as delivered (or a delivery attempt was made), but the customer says they did not actually receive it -- distinct from delivery_delay because there is no further ""in transit"" status to check; this typically requires an investigation/claim rather than just waiting.",[corrected to 'delivery_not_received' during manual primary-labeler review],"@799508 Hello Nicola! Sorry to hear this, please get in touch with us here: https://t.co/hApLpMlfHN. We'll be glad to help!^CN"
golden_176,AmazonHelp_582672,@AmazonHelp Amazon delivered wrong product.. I ordered a black berry phone and I get a Sony wireless headset... https://t.co/oGI2mrMzzR,,customer_service_complaint,classifier_fallback,"common,high_risk",easy,True,High-risk intent (customer_service_complaint),"General dissatisfaction or venting about support quality itself (""worst customer service"", ""pathetic"") without a distinct, actionable request beyond ""fix this."" High escalation risk because there is often no single retrievable resolution -- the underlying issue is usually one of the other intents, expressed as a complaint about *how* it was (mis)handled.",[label confirmed during manual primary-labeler review; row reconstructed 2026-09-14 after accidental build overwrite -- see scripts/restore_golden_csv_from_review.py],"@257375 I'm sorry to know you've received an incorrect product. Please connect with our support team here: https://t.co/vlvfJr4nN9, so that we could check and assist you. 1/2 ^HS"
golden_177,AmazonHelp_581216,"is it possible that there is not ONE single person to talk about AMAZON STEALING MONEY FROM CLIENTS, this is JUST RIDICULOUS @115830 @AmazonHelp WHERE ARE THE LAWS @2308 @1370 @26226 There should be some law or protection for the clients in this giants",,cancellation_or_refund_request,classifier_fallback,"medium,ambiguous,noisy,high_risk",hard,True,High-risk intent (cancellation_or_refund_request),"Customer explicitly wants to cancel an order, or is requesting or following up on a refund (including refund amount/timeline disputes). Financial-action intent.",[label confirmed during manual primary-labeler review; row reconstructed 2026-09-14 after accidental build overwrite -- see scripts/restore_golden_csv_from_review.py],@232624 Has your item been returned or is this a refund for an item you have not received? ^AP
golden_178,AmazonHelp_549459,"@115830 can you explain why you've taken money from my gift card balance when it wasn't used to buy anything, thanks",,return_or_replacement_request,manual_primary_labeler_review,"medium,high_risk",easy,False,,"Customer received a wrong, damaged, defective, or counterfeit product and wants a return, replacement, or exchange (as opposed to simply wanting money back, though these can overlap).",[corrected to 'return_or_replacement_request' during manual primary-labeler review],@247943 Thanks for reaching out! We can't access account information via social media. Please reach out to us here: https://t.co/JzP7hlA23B so we can look into this with you. ^AH
golden_179,AmazonHelp_481521,"Hey @AmazonHelp, my order was supposed to be delivered today as One-day delivery, but it hasn't even been dispatched yet! Please assist.",,customer_service_complaint,classifier_fallback,"common,high_risk",easy,True,High-risk intent (customer_service_complaint),"General dissatisfaction or venting about support quality itself (""worst customer service"", ""pathetic"") without a distinct, actionable request beyond ""fix this."" High escalation risk because there is often no single retrievable resolution -- the underlying issue is usually one of the other intents, expressed as a complaint about *how* it was (mis)handled.",[label confirmed during manual primary-labeler review; row reconstructed 2026-09-14 after accidental build overwrite -- see scripts/restore_golden_csv_from_review.py],"@229455 We don't have access to account information via Twitter. It's not uncommon for items to be dispatched and delivered the same day. If your order doesn't arrive by 21:00, please reach out to us "
golden_180,AmazonHelp_2866133,@115821 I think someone’s last day involved packaging my item. 😞 https://t.co/gU04FuB7TC,,account_access_issue,manual_primary_labeler_review,"medium,ood,high_risk",hard,True,High-risk intent (account_access_issue),"Customer is locked out of their account, believes it was hacked, or had account details (email, region) changed without their action. Security-sensitive.",[corrected to 'account_access_issue' during manual primary-labeler review],"@558674 Oh no, that's terrible! I am extremely sorry your order came damaged like that. We'd love to help! You can see all of our refund and replacement options available here: https://t.co/oSL3HZuIpY"
golden_181,AmazonHelp_542251,"@AmazonHelp what kind of staff do you employ?!! Order cannot be delivered as can’t find the address, why don’t you use the number registered to get directions. 2 failed attempts #commonsense #badcustomerservice #amazon #wherismyparcelamazon",,customer_service_complaint,classifier_fallback,"common,noisy,high_risk",medium,True,High-risk intent (customer_service_complaint),"General dissatisfaction or venting about support quality itself (""worst customer service"", ""pathetic"") without a distinct, actionable request beyond ""fix this."" High escalation risk because there is often no single retrievable resolution -- the underlying issue is usually one of the other intents, expressed as a complaint about *how* it was (mis)handled.",[label confirmed during manual primary-labeler review; row reconstructed 2026-09-14 after accidental build overwrite -- see scripts/restore_golden_csv_from_review.py],@245842 So sorry to hear about the repeat issues with your delivery! Can you please contact us here so that we can look further into this issue?  https://t.co/JzP7hlA23B ^GS
golden_182,AmazonHelp_43731,Ugh @115821 this is my third prime order in 2 weeks that will be delivered late. What’s the deal? #nothappy @AmazonHelp,,delivery_delay,manual_primary_labeler_review,"common,multi_intent,high_risk",hard,False,,"Order or package has not arrived by the promised, guaranteed, or expected delivery date. Customer is reporting lateness, not a fully missing/lost package.",[corrected to 'delivery_delay' during manual primary-labeler review],@125705 I'm sorry for the delivery experiences! We don't want to let you down! What was the delivery date given on your most recent order? Did we miss the delivery date given in your confirmation e-ma
golden_183,AmazonHelp_503485,Two delayed packages from @115821 this week and their customer support is a joke. One of the packages is needed to be delivered today for an early Christmas gift for this Sunday.,,customer_service_complaint,classifier_fallback,"common,ood,high_risk",hard,True,High-risk intent (customer_service_complaint),"General dissatisfaction or venting about support quality itself (""worst customer service"", ""pathetic"") without a distinct, actionable request beyond ""fix this."" High escalation risk because there is often no single retrievable resolution -- the underlying issue is usually one of the other intents, expressed as a complaint about *how* it was (mis)handled.",[label confirmed during manual primary-labeler review; row reconstructed 2026-09-14 after accidental build overwrite -- see scripts/restore_golden_csv_from_review.py],@235321 You can also leave feedback about your experience via e-mail here: https://t.co/hApLpMlfHN ^SB
golden_184,AmazonHelp_1004662,"@115850 @AmazonHelp @115821 @15704 This is the product link
 https://t.co/pVVaUtYbaT 
 
( This product can’t delivered to your place 600039 - pin code ) 

 Will I get this product to my home (Chennai) please tell me? I’m ready to pay 59$ if it delivers to my home. Help me",,account_access_issue,manual_primary_labeler_review,"common,high_risk",easy,True,High-risk intent (account_access_issue),"Customer is locked out of their account, believes it was hacked, or had account details (email, region) changed without their action. Security-sensitive.",[corrected to 'account_access_issue' during manual primary-labeler review],@357794 I understand your concern regarding the product. I kindly request you to reach out to the support team of our partner site here: https://t.co/eJXKURvpr8 via chat or email. They'd be glad to as
golden_185,AmazonHelp_602349,@AmazonHelp Hello. If I cancel an order that was back ordered and you've taken the money from my account. How long do refunds take?,,cancellation_or_refund_request,classifier_fallback,"medium,high_risk",easy,True,High-risk intent (cancellation_or_refund_request),"Customer explicitly wants to cancel an order, or is requesting or following up on a refund (including refund amount/timeline disputes). Financial-action intent.",[label confirmed during manual primary-labeler review; row reconstructed 2026-09-14 after accidental build overwrite -- see scripts/restore_golden_csv_from_review.py],"@156041 Great question, Chris! All Amazon refunds take between 3-5 business days to be refunded once the refund has been initiated, though it can take a little longer depending on the policies of your"
golden_186,AmazonHelp_485181,Order Honor 8. Order no. 406-7219817-1950749. Ordered on 21 Nov. Received this pack of salt. @AmazonHelp @115850 Look into it. https://t.co/GUQfBsKGcF,,customer_service_complaint,classifier_fallback,"common,high_risk",easy,True,High-risk intent (customer_service_complaint),"General dissatisfaction or venting about support quality itself (""worst customer service"", ""pathetic"") without a distinct, actionable request beyond ""fix this."" High escalation risk because there is often no single retrievable resolution -- the underlying issue is usually one of the other intents, expressed as a complaint about *how* it was (mis)handled.",[label confirmed during manual primary-labeler review; row reconstructed 2026-09-14 after accidental build overwrite -- see scripts/restore_golden_csv_from_review.py],"@230441 Apologies for the incorrect delivery. Kindly fill in your details here: https://t.co/GIJyeYqKE0 and we'll get this checked for you. Also, please don’t provide your order details as we consider"
golden_187,AmazonHelp_689472,@115850 @115851 This is how you guys get rich? By taking money from Customers and then asking them to make payments again? Refer order 403-0807629-1426714. Even so called escalation team disconnects the call without proper resolution.,,app_or_device_technical_issue,manual_primary_labeler_review,"medium,ood,high_risk",hard,True,Out-of-distribution / low retrieval confidence,"Technical bug or malfunction in an Amazon app, Kindle, Alexa/Echo, or Fire TV -- not an order/delivery issue at all.",[corrected to 'app_or_device_technical_issue' during manual primary-labeler review],"@284756 Also, please  don't provide your order details, as we consider it to be personal information. Our Twitter page is public.​ 2/2 ^EM"
golden_188,AmazonHelp_2859768,"Getting a parcel delivered today at some point between 6am and 10pm, which yeno like totally narrows it down",,account_access_issue,manual_primary_labeler_review,"common,high_risk",easy,True,High-risk intent (account_access_issue),"Customer is locked out of their account, believes it was hacked, or had account details (email, region) changed without their action. Security-sensitive.",[corrected to 'account_access_issue' during manual primary-labeler review],"@794698 We'd love to help! You're welcome to DM us or contact us directly through our options here: https://t.co/JzP7hlA23B However, I'd understand if you'd like immediate assistance about your charge"
golden_189,AmazonHelp_497320,Ordered a work colleagues leaving present from @115830. I've only got half the items I've ordered and they all say they are delivered. I cannot find a phone number or anything helpful on the website. Help!,,general_other,manual_primary_labeler_review,"common,ood,high_risk",hard,True,High-risk intent (general_other),"Does not clearly fit another category -- includes promotional/ off-topic mentions, ambiguous one-line messages, multi-topic messages, and messages that need more context than the root message alone provides. This is the deliberate ""I'm not sure"" bucket rather than forcing a low-confidence fit into another intent; it should route toward escalation/abstention, not toward a guessed intent.",[corrected to 'general_other' during manual primary-labeler review],@138653 Wonderful! I'm so glad your issue was resolved! Please let us know if you have any further issues. ^VF
golden_190,AmazonHelp_555362,"Wonder if @115830 delivery are under so much pressure to hit targets they’re marking parcels delivered when they’re not. 2nd item in as many weeks not received despite notification of delivery. Stress and worry, not a great customer experience. 😧",,app_or_device_technical_issue,manual_primary_labeler_review,"medium,ambiguous,ood,high_risk",hard,True,Out-of-distribution / low retrieval confidence,"Technical bug or malfunction in an Amazon app, Kindle, Alexa/Echo, or Fire TV -- not an order/delivery issue at all.",[corrected to 'app_or_device_technical_issue' during manual primary-labeler review],@249664 I understand your frustration! We do try out best to meet our delivery date. Please let us know if you don't receive your package by the 5th at 21:00. ^LS
golden_191,AmazonHelp_494944,@115821 @AmazonHelp shocking service received. Been sent the wrong item &amp; what’s the point of paying for Prime &amp; taking 4 days for delivery.,,app_or_device_technical_issue,manual_primary_labeler_review,"medium,ood,high_risk",hard,True,Out-of-distribution / low retrieval confidence,"Technical bug or malfunction in an Amazon app, Kindle, Alexa/Echo, or Fire TV -- not an order/delivery issue at all.",[corrected to 'app_or_device_technical_issue' during manual primary-labeler review],"@233032 When you re-ordered the item, were you provided an updated delivery date when it had dispatched? ^WM"
golden_192,AmazonHelp_735013,So I order a tv from @115830 and is to be delivered by @24123 on Saturday the 25th now they say they will be delivering it on Monday the 29th I get one day off work which is Saturday what a joke 👎👎,,app_or_device_technical_issue,manual_primary_labeler_review,"common,high_risk",easy,False,,"Technical bug or malfunction in an Amazon app, Kindle, Alexa/Echo, or Fire TV -- not an order/delivery issue at all.",[corrected to 'app_or_device_technical_issue' during manual primary-labeler review],@236297 I'm sorry to hear of this. Have you reached out to us directly so that we can reschedule delivery for you? ^KI
golden_193,AmazonHelp_2901106,@AmazonHelp @BofA_Help my money hasn’t been refunded back on my account,,delivery_not_received,manual_primary_labeler_review,"medium,high_risk",easy,False,,"Tracking/carrier shows the package as delivered (or a delivery attempt was made), but the customer says they did not actually receive it -- distinct from delivery_delay because there is no further ""in transit"" status to check; this typically requires an investigation/claim rather than just waiting.",[corrected to 'delivery_not_received' during manual primary-labeler review],@227367 Hey there! Please look here: https://t.co/Y5jpI9gRhE to check the status of your refund. Let us know if you need any additional help. Thank you ^AP
golden_194,AmazonHelp_466608,I dead ass think someone stole my amazon and bestbuy packages that where delivered today.,,general_other,manual_primary_labeler_review,"common,high_risk",easy,True,High-risk intent (general_other),"Does not clearly fit another category -- includes promotional/ off-topic mentions, ambiguous one-line messages, multi-topic messages, and messages that need more context than the root message alone provides. This is the deliberate ""I'm not sure"" bucket rather than forcing a low-confidence fit into another intent; it should route toward escalation/abstention, not toward a guessed intent.",[corrected to 'general_other' during manual primary-labeler review],@226047 I'm sorry you didn't receive your packages! We'd be happy to look into available options with you; please reach us by phone or chat for direct assistance: https://t.co/hApLpMlfHN ^MV
golden_195,AmazonHelp_2940299,@115821 don't buy anything.I order a book 15 days back and that book was delivered to someone else which i paid already.what a fool.,,account_access_issue,manual_primary_labeler_review,"common,high_risk",easy,True,High-risk intent (account_access_issue),"Customer is locked out of their account, believes it was hacked, or had account details (email, region) changed without their action. Security-sensitive.",[corrected to 'account_access_issue' during manual primary-labeler review],@812631 I’d like to understand this better. Please fill this form: https://t.co/beaaDm0muc and I’ll contact you at the earliest ^RW
golden_196,AmazonHelp_65855,Annoyed with @115830. Why do you charge post and packaging for every item when they are ordered as a batch to the same address! #annoyed #daylightrobbery,,app_or_device_technical_issue,manual_primary_labeler_review,"medium,ood,high_risk",hard,True,Out-of-distribution / low retrieval confidence,"Technical bug or malfunction in an Amazon app, Kindle, Alexa/Echo, or Fire TV -- not an order/delivery issue at all.",[corrected to 'app_or_device_technical_issue' during manual primary-labeler review],"@131063 Hi, were the items you were purchasing sold by us directly or through one of our Amazon Marketplace Sellers? ^KI"
golden_197,AmazonHelp_490578,"@120533 very disappointed with not receiving my item supposed to be delivered today after pre ordering, whats the point on having #AmazonPrime if you don't fulfil expectations!!",,general_other,classifier_fallback,"common,ood,high_risk",hard,True,High-risk intent (general_other),"Does not clearly fit another category -- includes promotional/ off-topic mentions, ambiguous one-line messages, multi-topic messages, and messages that need more context than the root message alone provides. This is the deliberate ""I'm not sure"" bucket rather than forcing a low-confidence fit into another intent; it should route toward escalation/abstention, not toward a guessed intent.",[label confirmed during manual primary-labeler review; row reconstructed 2026-09-14 after accidental build overwrite -- see scripts/restore_golden_csv_from_review.py],"@231866 Hi, I'm sorry to hear that. Which carrier is in charge of delivering your package ? ^ME"
golden_198,AmazonHelp_551978,@AmazonHelp please see my message. My parcel is set as delivered and I haven't received it,,cancellation_or_refund_request,manual_primary_labeler_review,"common,high_risk",easy,True,High-risk intent (cancellation_or_refund_request),"Customer explicitly wants to cancel an order, or is requesting or following up on a refund (including refund amount/timeline disputes). Financial-action intent.",[corrected to 'cancellation_or_refund_request' during manual primary-labeler review],"@248662 Hi Summer, please see your DM inbox. ^HS"
golden_199,AmazonHelp_2850594,"@115830  I received a parcel today but when I opened it, it was empty. Do I really have to take an empty box to an Amazon locker? Or can I get the item somehow?",,general_other,classifier_fallback,"medium,ood,high_risk",hard,True,High-risk intent (general_other),"Does not clearly fit another category -- includes promotional/ off-topic mentions, ambiguous one-line messages, multi-topic messages, and messages that need more context than the root message alone provides. This is the deliberate ""I'm not sure"" bucket rather than forcing a low-confidence fit into another intent; it should route toward escalation/abstention, not toward a guessed intent.",[label confirmed during manual primary-labeler review; row reconstructed 2026-09-14 after accidental build overwrite -- see scripts/restore_golden_csv_from_review.py],"@597006 I'm sorry you didn't receive your item, Emma! We'd like to help further in real-time. When you can, please reach out to us here: https://t.co/JzP7hlA23B ^HM"
golden_200,AmazonHelp_2849076,Disappointed @115830 delivery due on Saturday and still hasn’t been delivered 😩,,general_other,manual_primary_labeler_review,"common,high_risk",easy,True,High-risk intent (general_other),"Does not clearly fit another category -- includes promotional/ off-topic mentions, ambiguous one-line messages, multi-topic messages, and messages that need more context than the root message alone provides. This is the deliberate ""I'm not sure"" bucket rather than forcing a low-confidence fit into another intent; it should route toward escalation/abstention, not toward a guessed intent.",[corrected to 'general_other' during manual primary-labeler review],"@792284 Thank you for letting us know you've received your order, Chris! Please let us know if we can assist with anything else. ^PF"
